,pegRNA group,type,spacer sequence,spacer GC content,PAM,strand,peg-to-edit distance,nick-to-peg distance,pegRNA extension,extension first base,PBS length,PBS GC content,PBS Tm,RTT length,RTT GC content,annotation,spacer top strand oligo,spacer bottom strand oligo,pegRNA extension top strand oligo,pegRNA extension bottom strand oligo,CFD score
0,7,pegRNA,CTGTTTGACGGTAGCTGCTG,0.55,AGG-to-aga,+,15,,CttacTCCCGtctCAGCAGCTACCG,C,9,0.67,19.286542938020148,16,0.56,PAM_disrupted_silent_mutation,caccGCTGTTTGACGGTAGCTGCTGgtttt,ctctaaaacCAGCAGCTACCGTCAAACAGC,gtgcCttacTCCCGtctCAGCAGCTACCG,aaaaCGGTAGCTGCTGagaCGGGAgtaaG,
1,7,pegRNA,CTGTTTGACGGTAGCTGCTG,0.55,AGG-to-aga,+,15,,CttacTCCCGtctCAGCAGCTACCGT,C,10,0.60,23.687856045978037,16,0.56,PAM_disrupted_silent_mutation,caccGCTGTTTGACGGTAGCTGCTGgtttt,ctctaaaacCAGCAGCTACCGTCAAACAGC,gtgcCttacTCCCGtctCAGCAGCTACCGT,aaaaACGGTAGCTGCTGagaCGGGAgtaaG,
2,7,pegRNA,CTGTTTGACGGTAGCTGCTG,0.55,AGG-to-aga,+,15,,CttacTCCCGtctCAGCAGCTACCGTC,C,11,0.64,28.813840949390055,16,0.56,PAM_disrupted_silent_mutation,caccGCTGTTTGACGGTAGCTGCTGgtttt,ctctaaaacCAGCAGCTACCGTCAAACAGC,gtgcCttacTCCCGtctCAGCAGCTACCGTC,aaaaGACGGTAGCTGCTGagaCGGGAgtaaG,
3,7,pegRNA,CTGTTTGACGGTAGCTGCTG,0.55,AGG-to-aga,+,15,,CttacTCCCGtctCAGCAGCTACCGTCA,C,12,0.58,31.308719551986712,16,0.56,PAM_disrupted_silent_mutation,caccGCTGTTTGACGGTAGCTGCTGgtttt,ctctaaaacCAGCAGCTACCGTCAAACAGC,gtgcCttacTCCCGtctCAGCAGCTACCGTCA,aaaaTGACGGTAGCTGCTGagaCGGGAgtaaG,
4,7,pegRNA,CTGTTTGACGGTAGCTGCTG,0.55,AGG-to-aga,+,15,,TCttacTCCCGtctCAGCAGCTACCG,T,9,0.67,19.286542938020148,17,0.53,PAM_disrupted_silent_mutation,caccGCTGTTTGACGGTAGCTGCTGgtttt,ctctaaaacCAGCAGCTACCGTCAAACAGC,gtgcTCttacTCCCGtctCAGCAGCTACCG,aaaaCGGTAGCTGCTGagaCGGGAgtaaGA,
5,7,pegRNA,CTGTTTGACGGTAGCTGCTG,0.55,AGG-to-aga,+,15,,TCttacTCCCGtctCAGCAGCTACCGT,T,10,0.60,23.687856045978037,17,0.53,PAM_disrupted_silent_mutation,caccGCTGTTTGACGGTAGCTGCTGgtttt,ctctaaaacCAGCAGCTACCGTCAAACAGC,gtgcTCttacTCCCGtctCAGCAGCTACCGT,aaaaACGGTAGCTGCTGagaCGGGAgtaaGA,
6,7,pegRNA,CTGTTTGACGGTAGCTGCTG,0.55,AGG-to-aga,+,15,,TCttacTCCCGtctCAGCAGCTACCGTC,T,11,0.64,28.813840949390055,17,0.53,PAM_disrupted_silent_mutation,caccGCTGTTTGACGGTAGCTGCTGgtttt,ctctaaaacCAGCAGCTACCGTCAAACAGC,gtgcTCttacTCCCGtctCAGCAGCTACCGTC,aaaaGACGGTAGCTGCTGagaCGGGAgtaaGA,
7,7,pegRNA,CTGTTTGACGGTAGCTGCTG,0.55,AGG-to-aga,+,15,,TCttacTCCCGtctCAGCAGCTACCGTCA,T,12,0.58,31.308719551986712,17,0.53,PAM_disrupted_silent_mutation,caccGCTGTTTGACGGTAGCTGCTGgtttt,ctctaaaacCAGCAGCTACCGTCAAACAGC,gtgcTCttacTCCCGtctCAGCAGCTACCGTCA,aaaaTGACGGTAGCTGCTGagaCGGGAgtaaGA,
8,7,pegRNA,CTGTTTGACGGTAGCTGCTG,0.55,AGG-to-aga,+,15,,CTCttacTCCCGtctCAGCAGCTACCG,C,9,0.67,19.286542938020148,18,0.56,PAM_disrupted_silent_mutation,caccGCTGTTTGACGGTAGCTGCTGgtttt,ctctaaaacCAGCAGCTACCGTCAAACAGC,gtgcCTCttacTCCCGtctCAGCAGCTACCG,aaaaCGGTAGCTGCTGagaCGGGAgtaaGAG,
9,7,pegRNA,CTGTTTGACGGTAGCTGCTG,0.55,AGG-to-aga,+,15,,CTCttacTCCCGtctCAGCAGCTACCGT,C,10,0.60,23.687856045978037,18,0.56,PAM_disrupted_silent_mutation,caccGCTGTTTGACGGTAGCTGCTGgtttt,ctctaaaacCAGCAGCTACCGTCAAACAGC,gtgcCTCttacTCCCGtctCAGCAGCTACCGT,aaaaACGGTAGCTGCTGagaCGGGAgtaaGAG,
10,7,pegRNA,CTGTTTGACGGTAGCTGCTG,0.55,AGG-to-aga,+,15,,CTCttacTCCCGtctCAGCAGCTACCGTC,C,11,0.64,28.813840949390055,18,0.56,PAM_disrupted_silent_mutation,caccGCTGTTTGACGGTAGCTGCTGgtttt,ctctaaaacCAGCAGCTACCGTCAAACAGC,gtgcCTCttacTCCCGtctCAGCAGCTACCGTC,aaaaGACGGTAGCTGCTGagaCGGGAgtaaGAG,
11,7,pegRNA,CTGTTTGACGGTAGCTGCTG,0.55,AGG-to-aga,+,15,,CTCttacTCCCGtctCAGCAGCTACCGTCA,C,12,0.58,31.308719551986712,18,0.56,PAM_disrupted_silent_mutation,caccGCTGTTTGACGGTAGCTGCTGgtttt,ctctaaaacCAGCAGCTACCGTCAAACAGC,gtgcCTCttacTCCCGtctCAGCAGCTACCGTCA,aaaaTGACGGTAGCTGCTGagaCGGGAgtaaGAG,
12,7,pegRNA,CTGTTTGACGGTAGCTGCTG,0.55,AGG-to-aga,+,15,,TCTCttacTCCCGtctCAGCAGCTACCG,T,9,0.67,19.286542938020148,19,0.53,PAM_disrupted_silent_mutation,caccGCTGTTTGACGGTAGCTGCTGgtttt,ctctaaaacCAGCAGCTACCGTCAAACAGC,gtgcTCTCttacTCCCGtctCAGCAGCTACCG,aaaaCGGTAGCTGCTGagaCGGGAgtaaGAGA,
13,7,pegRNA,CTGTTTGACGGTAGCTGCTG,0.55,AGG-to-aga,+,15,,TCTCttacTCCCGtctCAGCAGCTACCGT,T,10,0.60,23.687856045978037,19,0.53,PAM_disrupted_silent_mutation,caccGCTGTTTGACGGTAGCTGCTGgtttt,ctctaaaacCAGCAGCTACCGTCAAACAGC,gtgcTCTCttacTCCCGtctCAGCAGCTACCGT,aaaaACGGTAGCTGCTGagaCGGGAgtaaGAGA,
14,7,pegRNA,CTGTTTGACGGTAGCTGCTG,0.55,AGG-to-aga,+,15,,TCTCttacTCCCGtctCAGCAGCTACCGTC,T,11,0.64,28.813840949390055,19,0.53,PAM_disrupted_silent_mutation,caccGCTGTTTGACGGTAGCTGCTGgtttt,ctctaaaacCAGCAGCTACCGTCAAACAGC,gtgcTCTCttacTCCCGtctCAGCAGCTACCGTC,aaaaGACGGTAGCTGCTGagaCGGGAgtaaGAGA,
15,7,pegRNA,CTGTTTGACGGTAGCTGCTG,0.55,AGG-to-aga,+,15,,TCTCttacTCCCGtctCAGCAGCTACCGTCA,T,12,0.58,31.308719551986712,19,0.53,PAM_disrupted_silent_mutation,caccGCTGTTTGACGGTAGCTGCTGgtttt,ctctaaaacCAGCAGCTACCGTCAAACAGC,gtgcTCTCttacTCCCGtctCAGCAGCTACCGTCA,aaaaTGACGGTAGCTGCTGagaCGGGAgtaaGAGA,
16,7,pegRNA,CTGTTTGACGGTAGCTGCTG,0.55,AGG-to-aga,+,15,,GTCTCttacTCCCGtctCAGCAGCTACCG,G,9,0.67,19.286542938020148,20,0.55,PAM_disrupted_silent_mutation,caccGCTGTTTGACGGTAGCTGCTGgtttt,ctctaaaacCAGCAGCTACCGTCAAACAGC,gtgcGTCTCttacTCCCGtctCAGCAGCTACCG,aaaaCGGTAGCTGCTGagaCGGGAgtaaGAGAC,
17,7,pegRNA,CTGTTTGACGGTAGCTGCTG,0.55,AGG-to-aga,+,15,,GTCTCttacTCCCGtctCAGCAGCTACCGT,G,10,0.60,23.687856045978037,20,0.55,PAM_disrupted_silent_mutation,caccGCTGTTTGACGGTAGCTGCTGgtttt,ctctaaaacCAGCAGCTACCGTCAAACAGC,gtgcGTCTCttacTCCCGtctCAGCAGCTACCGT,aaaaACGGTAGCTGCTGagaCGGGAgtaaGAGAC,
18,7,pegRNA,CTGTTTGACGGTAGCTGCTG,0.55,AGG-to-aga,+,15,,GTCTCttacTCCCGtctCAGCAGCTACCGTC,G,11,0.64,28.813840949390055,20,0.55,PAM_disrupted_silent_mutation,caccGCTGTTTGACGGTAGCTGCTGgtttt,ctctaaaacCAGCAGCTACCGTCAAACAGC,gtgcGTCTCttacTCCCGtctCAGCAGCTACCGTC,aaaaGACGGTAGCTGCTGagaCGGGAgtaaGAGAC,
19,7,pegRNA,CTGTTTGACGGTAGCTGCTG,0.55,AGG-to-aga,+,15,,GTCTCttacTCCCGtctCAGCAGCTACCGTCA,G,12,0.58,31.308719551986712,20,0.55,PAM_disrupted_silent_mutation,caccGCTGTTTGACGGTAGCTGCTGgtttt,ctctaaaacCAGCAGCTACCGTCAAACAGC,gtgcGTCTCttacTCCCGtctCAGCAGCTACCGTCA,aaaaTGACGGTAGCTGCTGagaCGGGAgtaaGAGAC,
20,7,pegRNA,CTGTTTGACGGTAGCTGCTG,0.55,AGG-to-aga,+,15,,GGTCTCttacTCCCGtctCAGCAGCTACCG,G,9,0.67,19.286542938020148,21,0.57,PAM_disrupted_silent_mutation,caccGCTGTTTGACGGTAGCTGCTGgtttt,ctctaaaacCAGCAGCTACCGTCAAACAGC,gtgcGGTCTCttacTCCCGtctCAGCAGCTACCG,aaaaCGGTAGCTGCTGagaCGGGAgtaaGAGACC,
21,7,pegRNA,CTGTTTGACGGTAGCTGCTG,0.55,AGG-to-aga,+,15,,GGTCTCttacTCCCGtctCAGCAGCTACCGT,G,10,0.60,23.687856045978037,21,0.57,PAM_disrupted_silent_mutation,caccGCTGTTTGACGGTAGCTGCTGgtttt,ctctaaaacCAGCAGCTACCGTCAAACAGC,gtgcGGTCTCttacTCCCGtctCAGCAGCTACCGT,aaaaACGGTAGCTGCTGagaCGGGAgtaaGAGACC,
22,7,pegRNA,CTGTTTGACGGTAGCTGCTG,0.55,AGG-to-aga,+,15,,GGTCTCttacTCCCGtctCAGCAGCTACCGTC,G,11,0.64,28.813840949390055,21,0.57,PAM_disrupted_silent_mutation,caccGCTGTTTGACGGTAGCTGCTGgtttt,ctctaaaacCAGCAGCTACCGTCAAACAGC,gtgcGGTCTCttacTCCCGtctCAGCAGCTACCGTC,aaaaGACGGTAGCTGCTGagaCGGGAgtaaGAGACC,
23,7,pegRNA,CTGTTTGACGGTAGCTGCTG,0.55,AGG-to-aga,+,15,,GGTCTCttacTCCCGtctCAGCAGCTACCGTCA,G,12,0.58,31.308719551986712,21,0.57,PAM_disrupted_silent_mutation,caccGCTGTTTGACGGTAGCTGCTGgtttt,ctctaaaacCAGCAGCTACCGTCAAACAGC,gtgcGGTCTCttacTCCCGtctCAGCAGCTACCGTCA,aaaaTGACGGTAGCTGCTGagaCGGGAgtaaGAGACC,
24,7,pegRNA,CTGTTTGACGGTAGCTGCTG,0.55,AGG-to-aga,+,15,,GGGTCTCttacTCCCGtctCAGCAGCTACCG,G,9,0.67,19.286542938020148,22,0.59,PAM_disrupted_silent_mutation,caccGCTGTTTGACGGTAGCTGCTGgtttt,ctctaaaacCAGCAGCTACCGTCAAACAGC,gtgcGGGTCTCttacTCCCGtctCAGCAGCTACCG,aaaaCGGTAGCTGCTGagaCGGGAgtaaGAGACCC,
25,7,pegRNA,CTGTTTGACGGTAGCTGCTG,0.55,AGG-to-aga,+,15,,GGGTCTCttacTCCCGtctCAGCAGCTACCGT,G,10,0.60,23.687856045978037,22,0.59,PAM_disrupted_silent_mutation,caccGCTGTTTGACGGTAGCTGCTGgtttt,ctctaaaacCAGCAGCTACCGTCAAACAGC,gtgcGGGTCTCttacTCCCGtctCAGCAGCTACCGT,aaaaACGGTAGCTGCTGagaCGGGAgtaaGAGACCC,
26,7,pegRNA,CTGTTTGACGGTAGCTGCTG,0.55,AGG-to-aga,+,15,,GGGTCTCttacTCCCGtctCAGCAGCTACCGTC,G,11,0.64,28.813840949390055,22,0.59,PAM_disrupted_silent_mutation,caccGCTGTTTGACGGTAGCTGCTGgtttt,ctctaaaacCAGCAGCTACCGTCAAACAGC,gtgcGGGTCTCttacTCCCGtctCAGCAGCTACCGTC,aaaaGACGGTAGCTGCTGagaCGGGAgtaaGAGACCC,
27,7,pegRNA,CTGTTTGACGGTAGCTGCTG,0.55,AGG-to-aga,+,15,,GGGTCTCttacTCCCGtctCAGCAGCTACCGTCA,G,12,0.58,31.308719551986712,22,0.59,PAM_disrupted_silent_mutation,caccGCTGTTTGACGGTAGCTGCTGgtttt,ctctaaaacCAGCAGCTACCGTCAAACAGC,gtgcGGGTCTCttacTCCCGtctCAGCAGCTACCGTCA,aaaaTGACGGTAGCTGCTGagaCGGGAgtaaGAGACCC,
28,7,ngRNA,ATCAACAGTTAACGAACACG,0.40,TGG,-,,-119,,,,,,,,PE3,caccGATCAACAGTTAACGAACACG,aaacCGTGTTCGTTAACTGTTGATC,,,
29,7,ngRNA,GATAACAGAGCTGAATTTGA,0.35,CGG,-,,-72,,,,,,,,PE3,caccGATAACAGAGCTGAATTTGA,aaacTCAAATTCAGCTCTGTTATC,,,
30,7,ngRNA,CCATTTGACACATAACGCCC,0.50,GGG,-,,-50,,,,,,,,PE3,caccGCCATTTGACACATAACGCCC,aaacGGGCGTTATGTGTCAAATGGC,,,
31,7,ngRNA,GCCATTTGACACATAACGCC,0.50,CGG,-,,-49,,,,,,,,PE3,caccGCCATTTGACACATAACGCC,aaacGGCGTTATGTGTCAAATGGC,,,
32,7,ngRNA,TAGTGACATAGCCCGACGGA,0.55,GGG,-,,21,,,,,,,,PE3,caccGTAGTGACATAGCCCGACGGA,aaacTCCGTCGGGCTATGTCACTAC,,,
33,7,ngRNA,TTAGTGACATAGCCCGACGG,0.55,AGG,-,,22,,,,,,,,PE3,caccGTTAGTGACATAGCCCGACGG,aaacCCGTCGGGCTATGTCACTAAC,,,
34,7,ngRNA,GTATTAGTGACATAGCCCGA,0.45,CGG,-,,25,,,,,,,,PE3,caccGTATTAGTGACATAGCCCGA,aaacTCGGGCTATGTCACTAATAC,,,
35,7,ngRNA,CAGCATCGGTACGGGGCGTT,0.65,TGG,-,,51,,,,,,,,PE3,caccGCAGCATCGGTACGGGGCGTT,aaacAACGCCCCGTACCGATGCTGC,,,
36,7,ngRNA,ACTTGTTCAGCATCGGTACG,0.50,GGG,-,,58,,,,,,,,PE3,caccGACTTGTTCAGCATCGGTACG,aaacCGTACCGATGCTGAACAAGTC,,,
37,7,ngRNA,GACTTGTTCAGCATCGGTAC,0.50,GGG,-,,59,,,,,,,,PE3,caccGACTTGTTCAGCATCGGTAC,aaacGTACCGATGCTGAACAAGTC,,,
38,7,ngRNA,CGACTTGTTCAGCATCGGTA,0.50,CGG,-,,60,,,,,,,,PE3,caccGCGACTTGTTCAGCATCGGTA,aaacTACCGATGCTGAACAAGTCGC,,,
39,7,ngRNA,TGCATCGACTTGTTCAGCAT,0.45,CGG,-,,65,,,,,,,,PE3,caccGTGCATCGACTTGTTCAGCAT,aaacATGCTGAACAAGTCGATGCAC,,,
40,7,ngRNA,GTTTACCCCTTTTCAAAGAC,0.40,GGG,-,,92,,,,,,,,PE3,caccGTTTACCCCTTTTCAAAGAC,aaacGTCTTTGAAAAGGGGTAAAC,,,
41,7,ngRNA,TGTTTACCCCTTTTCAAAGA,0.35,CGG,-,,93,,,,,,,,PE3,caccGTGTTTACCCCTTTTCAAAGA,aaacTCTTTGAAAAGGGGTAAACAC,,,
42,8,pegRNA,TTTGACGGTAGCTGCTGAGG,0.55,CGG-to-aga,+,12,,CttacTCtctCCTCAGCAGCTA,C,9,0.56,15.95469364627769,13,0.46,PAM_disrupted_silent_mutation,caccGTTTGACGGTAGCTGCTGAGGgtttt,ctctaaaacCCTCAGCAGCTACCGTCAAAC,gtgcCttacTCtctCCTCAGCAGCTA,aaaaTAGCTGCTGAGGagaGAgtaaG,
43,8,pegRNA,TTTGACGGTAGCTGCTGAGG,0.55,CGG-to-aga,+,12,,CttacTCtctCCTCAGCAGCTAC,C,10,0.60,24.443634784522374,13,0.46,PAM_disrupted_silent_mutation,caccGTTTGACGGTAGCTGCTGAGGgtttt,ctctaaaacCCTCAGCAGCTACCGTCAAAC,gtgcCttacTCtctCCTCAGCAGCTAC,aaaaGTAGCTGCTGAGGagaGAgtaaG,
44,8,pegRNA,TTTGACGGTAGCTGCTGAGG,0.55,CGG-to-aga,+,12,,CttacTCtctCCTCAGCAGCTACC,C,11,0.64,32.309313591782654,13,0.46,PAM_disrupted_silent_mutation,caccGTTTGACGGTAGCTGCTGAGGgtttt,ctctaaaacCCTCAGCAGCTACCGTCAAAC,gtgcCttacTCtctCCTCAGCAGCTACC,aaaaGGTAGCTGCTGAGGagaGAgtaaG,
45,8,pegRNA,TTTGACGGTAGCTGCTGAGG,0.55,CGG-to-aga,+,12,,CttacTCtctCCTCAGCAGCTACCG,C,12,0.67,37.37583177823666,13,0.46,PAM_disrupted_silent_mutation,caccGTTTGACGGTAGCTGCTGAGGgtttt,ctctaaaacCCTCAGCAGCTACCGTCAAAC,gtgcCttacTCtctCCTCAGCAGCTACCG,aaaaCGGTAGCTGCTGAGGagaGAgtaaG,
46,8,pegRNA,TTTGACGGTAGCTGCTGAGG,0.55,CGG-to-aga,+,12,,TCttacTCtctCCTCAGCAGCTA,T,9,0.56,15.95469364627769,14,0.43,PAM_disrupted_silent_mutation,caccGTTTGACGGTAGCTGCTGAGGgtttt,ctctaaaacCCTCAGCAGCTACCGTCAAAC,gtgcTCttacTCtctCCTCAGCAGCTA,aaaaTAGCTGCTGAGGagaGAgtaaGA,
47,8,pegRNA,TTTGACGGTAGCTGCTGAGG,0.55,CGG-to-aga,+,12,,TCttacTCtctCCTCAGCAGCTAC,T,10,0.60,24.443634784522374,14,0.43,PAM_disrupted_silent_mutation,caccGTTTGACGGTAGCTGCTGAGGgtttt,ctctaaaacCCTCAGCAGCTACCGTCAAAC,gtgcTCttacTCtctCCTCAGCAGCTAC,aaaaGTAGCTGCTGAGGagaGAgtaaGA,
48,8,pegRNA,TTTGACGGTAGCTGCTGAGG,0.55,CGG-to-aga,+,12,,TCttacTCtctCCTCAGCAGCTACC,T,11,0.64,32.309313591782654,14,0.43,PAM_disrupted_silent_mutation,caccGTTTGACGGTAGCTGCTGAGGgtttt,ctctaaaacCCTCAGCAGCTACCGTCAAAC,gtgcTCttacTCtctCCTCAGCAGCTACC,aaaaGGTAGCTGCTGAGGagaGAgtaaGA,
49,8,pegRNA,TTTGACGGTAGCTGCTGAGG,0.55,CGG-to-aga,+,12,,TCttacTCtctCCTCAGCAGCTACCG,T,12,0.67,37.37583177823666,14,0.43,PAM_disrupted_silent_mutation,caccGTTTGACGGTAGCTGCTGAGGgtttt,ctctaaaacCCTCAGCAGCTACCGTCAAAC,gtgcTCttacTCtctCCTCAGCAGCTACCG,aaaaCGGTAGCTGCTGAGGagaGAgtaaGA,
50,8,pegRNA,TTTGACGGTAGCTGCTGAGG,0.55,CGG-to-aga,+,12,,CTCttacTCtctCCTCAGCAGCTA,C,9,0.56,15.95469364627769,15,0.47,PAM_disrupted_silent_mutation,caccGTTTGACGGTAGCTGCTGAGGgtttt,ctctaaaacCCTCAGCAGCTACCGTCAAAC,gtgcCTCttacTCtctCCTCAGCAGCTA,aaaaTAGCTGCTGAGGagaGAgtaaGAG,
51,8,pegRNA,TTTGACGGTAGCTGCTGAGG,0.55,CGG-to-aga,+,12,,CTCttacTCtctCCTCAGCAGCTAC,C,10,0.60,24.443634784522374,15,0.47,PAM_disrupted_silent_mutation,caccGTTTGACGGTAGCTGCTGAGGgtttt,ctctaaaacCCTCAGCAGCTACCGTCAAAC,gtgcCTCttacTCtctCCTCAGCAGCTAC,aaaaGTAGCTGCTGAGGagaGAgtaaGAG,
52,8,pegRNA,TTTGACGGTAGCTGCTGAGG,0.55,CGG-to-aga,+,12,,CTCttacTCtctCCTCAGCAGCTACC,C,11,0.64,32.309313591782654,15,0.47,PAM_disrupted_silent_mutation,caccGTTTGACGGTAGCTGCTGAGGgtttt,ctctaaaacCCTCAGCAGCTACCGTCAAAC,gtgcCTCttacTCtctCCTCAGCAGCTACC,aaaaGGTAGCTGCTGAGGagaGAgtaaGAG,
53,8,pegRNA,TTTGACGGTAGCTGCTGAGG,0.55,CGG-to-aga,+,12,,CTCttacTCtctCCTCAGCAGCTACCG,C,12,0.67,37.37583177823666,15,0.47,PAM_disrupted_silent_mutation,caccGTTTGACGGTAGCTGCTGAGGgtttt,ctctaaaacCCTCAGCAGCTACCGTCAAAC,gtgcCTCttacTCtctCCTCAGCAGCTACCG,aaaaCGGTAGCTGCTGAGGagaGAgtaaGAG,
54,8,pegRNA,TTTGACGGTAGCTGCTGAGG,0.55,CGG-to-aga,+,12,,TCTCttacTCtctCCTCAGCAGCTA,T,9,0.56,15.95469364627769,16,0.44,PAM_disrupted_silent_mutation,caccGTTTGACGGTAGCTGCTGAGGgtttt,ctctaaaacCCTCAGCAGCTACCGTCAAAC,gtgcTCTCttacTCtctCCTCAGCAGCTA,aaaaTAGCTGCTGAGGagaGAgtaaGAGA,
55,8,pegRNA,TTTGACGGTAGCTGCTGAGG,0.55,CGG-to-aga,+,12,,TCTCttacTCtctCCTCAGCAGCTAC,T,10,0.60,24.443634784522374,16,0.44,PAM_disrupted_silent_mutation,caccGTTTGACGGTAGCTGCTGAGGgtttt,ctctaaaacCCTCAGCAGCTACCGTCAAAC,gtgcTCTCttacTCtctCCTCAGCAGCTAC,aaaaGTAGCTGCTGAGGagaGAgtaaGAGA,
56,8,pegRNA,TTTGACGGTAGCTGCTGAGG,0.55,CGG-to-aga,+,12,,TCTCttacTCtctCCTCAGCAGCTACC,T,11,0.64,32.309313591782654,16,0.44,PAM_disrupted_silent_mutation,caccGTTTGACGGTAGCTGCTGAGGgtttt,ctctaaaacCCTCAGCAGCTACCGTCAAAC,gtgcTCTCttacTCtctCCTCAGCAGCTACC,aaaaGGTAGCTGCTGAGGagaGAgtaaGAGA,
57,8,pegRNA,TTTGACGGTAGCTGCTGAGG,0.55,CGG-to-aga,+,12,,TCTCttacTCtctCCTCAGCAGCTACCG,T,12,0.67,37.37583177823666,16,0.44,PAM_disrupted_silent_mutation,caccGTTTGACGGTAGCTGCTGAGGgtttt,ctctaaaacCCTCAGCAGCTACCGTCAAAC,gtgcTCTCttacTCtctCCTCAGCAGCTACCG,aaaaCGGTAGCTGCTGAGGagaGAgtaaGAGA,
58,8,pegRNA,TTTGACGGTAGCTGCTGAGG,0.55,CGG-to-aga,+,12,,GTCTCttacTCtctCCTCAGCAGCTA,G,9,0.56,15.95469364627769,17,0.47,PAM_disrupted_silent_mutation,caccGTTTGACGGTAGCTGCTGAGGgtttt,ctctaaaacCCTCAGCAGCTACCGTCAAAC,gtgcGTCTCttacTCtctCCTCAGCAGCTA,aaaaTAGCTGCTGAGGagaGAgtaaGAGAC,
59,8,pegRNA,TTTGACGGTAGCTGCTGAGG,0.55,CGG-to-aga,+,12,,GTCTCttacTCtctCCTCAGCAGCTAC,G,10,0.60,24.443634784522374,17,0.47,PAM_disrupted_silent_mutation,caccGTTTGACGGTAGCTGCTGAGGgtttt,ctctaaaacCCTCAGCAGCTACCGTCAAAC,gtgcGTCTCttacTCtctCCTCAGCAGCTAC,aaaaGTAGCTGCTGAGGagaGAgtaaGAGAC,
60,8,pegRNA,TTTGACGGTAGCTGCTGAGG,0.55,CGG-to-aga,+,12,,GTCTCttacTCtctCCTCAGCAGCTACC,G,11,0.64,32.309313591782654,17,0.47,PAM_disrupted_silent_mutation,caccGTTTGACGGTAGCTGCTGAGGgtttt,ctctaaaacCCTCAGCAGCTACCGTCAAAC,gtgcGTCTCttacTCtctCCTCAGCAGCTACC,aaaaGGTAGCTGCTGAGGagaGAgtaaGAGAC,
61,8,pegRNA,TTTGACGGTAGCTGCTGAGG,0.55,CGG-to-aga,+,12,,GTCTCttacTCtctCCTCAGCAGCTACCG,G,12,0.67,37.37583177823666,17,0.47,PAM_disrupted_silent_mutation,caccGTTTGACGGTAGCTGCTGAGGgtttt,ctctaaaacCCTCAGCAGCTACCGTCAAAC,gtgcGTCTCttacTCtctCCTCAGCAGCTACCG,aaaaCGGTAGCTGCTGAGGagaGAgtaaGAGAC,
62,8,pegRNA,TTTGACGGTAGCTGCTGAGG,0.55,CGG-to-aga,+,12,,GGTCTCttacTCtctCCTCAGCAGCTA,G,9,0.56,15.95469364627769,18,0.50,PAM_disrupted_silent_mutation,caccGTTTGACGGTAGCTGCTGAGGgtttt,ctctaaaacCCTCAGCAGCTACCGTCAAAC,gtgcGGTCTCttacTCtctCCTCAGCAGCTA,aaaaTAGCTGCTGAGGagaGAgtaaGAGACC,
63,8,pegRNA,TTTGACGGTAGCTGCTGAGG,0.55,CGG-to-aga,+,12,,GGTCTCttacTCtctCCTCAGCAGCTAC,G,10,0.60,24.443634784522374,18,0.50,PAM_disrupted_silent_mutation,caccGTTTGACGGTAGCTGCTGAGGgtttt,ctctaaaacCCTCAGCAGCTACCGTCAAAC,gtgcGGTCTCttacTCtctCCTCAGCAGCTAC,aaaaGTAGCTGCTGAGGagaGAgtaaGAGACC,
64,8,pegRNA,TTTGACGGTAGCTGCTGAGG,0.55,CGG-to-aga,+,12,,GGTCTCttacTCtctCCTCAGCAGCTACC,G,11,0.64,32.309313591782654,18,0.50,PAM_disrupted_silent_mutation,caccGTTTGACGGTAGCTGCTGAGGgtttt,ctctaaaacCCTCAGCAGCTACCGTCAAAC,gtgcGGTCTCttacTCtctCCTCAGCAGCTACC,aaaaGGTAGCTGCTGAGGagaGAgtaaGAGACC,
65,8,pegRNA,TTTGACGGTAGCTGCTGAGG,0.55,CGG-to-aga,+,12,,GGTCTCttacTCtctCCTCAGCAGCTACCG,G,12,0.67,37.37583177823666,18,0.50,PAM_disrupted_silent_mutation,caccGTTTGACGGTAGCTGCTGAGGgtttt,ctctaaaacCCTCAGCAGCTACCGTCAAAC,gtgcGGTCTCttacTCtctCCTCAGCAGCTACCG,aaaaCGGTAGCTGCTGAGGagaGAgtaaGAGACC,
66,8,pegRNA,TTTGACGGTAGCTGCTGAGG,0.55,CGG-to-aga,+,12,,GGGTCTCttacTCtctCCTCAGCAGCTA,G,9,0.56,15.95469364627769,19,0.53,PAM_disrupted_silent_mutation,caccGTTTGACGGTAGCTGCTGAGGgtttt,ctctaaaacCCTCAGCAGCTACCGTCAAAC,gtgcGGGTCTCttacTCtctCCTCAGCAGCTA,aaaaTAGCTGCTGAGGagaGAgtaaGAGACCC,
67,8,pegRNA,TTTGACGGTAGCTGCTGAGG,0.55,CGG-to-aga,+,12,,GGGTCTCttacTCtctCCTCAGCAGCTAC,G,10,0.60,24.443634784522374,19,0.53,PAM_disrupted_silent_mutation,caccGTTTGACGGTAGCTGCTGAGGgtttt,ctctaaaacCCTCAGCAGCTACCGTCAAAC,gtgcGGGTCTCttacTCtctCCTCAGCAGCTAC,aaaaGTAGCTGCTGAGGagaGAgtaaGAGACCC,
68,8,pegRNA,TTTGACGGTAGCTGCTGAGG,0.55,CGG-to-aga,+,12,,GGGTCTCttacTCtctCCTCAGCAGCTACC,G,11,0.64,32.309313591782654,19,0.53,PAM_disrupted_silent_mutation,caccGTTTGACGGTAGCTGCTGAGGgtttt,ctctaaaacCCTCAGCAGCTACCGTCAAAC,gtgcGGGTCTCttacTCtctCCTCAGCAGCTACC,aaaaGGTAGCTGCTGAGGagaGAgtaaGAGACCC,
69,8,pegRNA,TTTGACGGTAGCTGCTGAGG,0.55,CGG-to-aga,+,12,,GGGTCTCttacTCtctCCTCAGCAGCTACCG,G,12,0.67,37.37583177823666,19,0.53,PAM_disrupted_silent_mutation,caccGTTTGACGGTAGCTGCTGAGGgtttt,ctctaaaacCCTCAGCAGCTACCGTCAAAC,gtgcGGGTCTCttacTCtctCCTCAGCAGCTACCG,aaaaCGGTAGCTGCTGAGGagaGAgtaaGAGACCC,
70,8,pegRNA,TTTGACGGTAGCTGCTGAGG,0.55,CGG-to-aga,+,12,,AGGGTCTCttacTCtctCCTCAGCAGCTA,A,9,0.56,15.95469364627769,20,0.50,PAM_disrupted_silent_mutation,caccGTTTGACGGTAGCTGCTGAGGgtttt,ctctaaaacCCTCAGCAGCTACCGTCAAAC,gtgcAGGGTCTCttacTCtctCCTCAGCAGCTA,aaaaTAGCTGCTGAGGagaGAgtaaGAGACCCT,
71,8,pegRNA,TTTGACGGTAGCTGCTGAGG,0.55,CGG-to-aga,+,12,,AGGGTCTCttacTCtctCCTCAGCAGCTAC,A,10,0.60,24.443634784522374,20,0.50,PAM_disrupted_silent_mutation,caccGTTTGACGGTAGCTGCTGAGGgtttt,ctctaaaacCCTCAGCAGCTACCGTCAAAC,gtgcAGGGTCTCttacTCtctCCTCAGCAGCTAC,aaaaGTAGCTGCTGAGGagaGAgtaaGAGACCCT,
72,8,pegRNA,TTTGACGGTAGCTGCTGAGG,0.55,CGG-to-aga,+,12,,AGGGTCTCttacTCtctCCTCAGCAGCTACC,A,11,0.64,32.309313591782654,20,0.50,PAM_disrupted_silent_mutation,caccGTTTGACGGTAGCTGCTGAGGgtttt,ctctaaaacCCTCAGCAGCTACCGTCAAAC,gtgcAGGGTCTCttacTCtctCCTCAGCAGCTACC,aaaaGGTAGCTGCTGAGGagaGAgtaaGAGACCCT,
73,8,pegRNA,TTTGACGGTAGCTGCTGAGG,0.55,CGG-to-aga,+,12,,AGGGTCTCttacTCtctCCTCAGCAGCTACCG,A,12,0.67,37.37583177823666,20,0.50,PAM_disrupted_silent_mutation,caccGTTTGACGGTAGCTGCTGAGGgtttt,ctctaaaacCCTCAGCAGCTACCGTCAAAC,gtgcAGGGTCTCttacTCtctCCTCAGCAGCTACCG,aaaaCGGTAGCTGCTGAGGagaGAgtaaGAGACCCT,
74,8,pegRNA,TTTGACGGTAGCTGCTGAGG,0.55,CGG-to-aga,+,12,,GAGGGTCTCttacTCtctCCTCAGCAGCTA,G,9,0.56,15.95469364627769,21,0.52,PAM_disrupted_silent_mutation,caccGTTTGACGGTAGCTGCTGAGGgtttt,ctctaaaacCCTCAGCAGCTACCGTCAAAC,gtgcGAGGGTCTCttacTCtctCCTCAGCAGCTA,aaaaTAGCTGCTGAGGagaGAgtaaGAGACCCTC,
75,8,pegRNA,TTTGACGGTAGCTGCTGAGG,0.55,CGG-to-aga,+,12,,GAGGGTCTCttacTCtctCCTCAGCAGCTAC,G,10,0.60,24.443634784522374,21,0.52,PAM_disrupted_silent_mutation,caccGTTTGACGGTAGCTGCTGAGGgtttt,ctctaaaacCCTCAGCAGCTACCGTCAAAC,gtgcGAGGGTCTCttacTCtctCCTCAGCAGCTAC,aaaaGTAGCTGCTGAGGagaGAgtaaGAGACCCTC,
76,8,pegRNA,TTTGACGGTAGCTGCTGAGG,0.55,CGG-to-aga,+,12,,GAGGGTCTCttacTCtctCCTCAGCAGCTACC,G,11,0.64,32.309313591782654,21,0.52,PAM_disrupted_silent_mutation,caccGTTTGACGGTAGCTGCTGAGGgtttt,ctctaaaacCCTCAGCAGCTACCGTCAAAC,gtgcGAGGGTCTCttacTCtctCCTCAGCAGCTACC,aaaaGGTAGCTGCTGAGGagaGAgtaaGAGACCCTC,
77,8,pegRNA,TTTGACGGTAGCTGCTGAGG,0.55,CGG-to-aga,+,12,,GAGGGTCTCttacTCtctCCTCAGCAGCTACCG,G,12,0.67,37.37583177823666,21,0.52,PAM_disrupted_silent_mutation,caccGTTTGACGGTAGCTGCTGAGGgtttt,ctctaaaacCCTCAGCAGCTACCGTCAAAC,gtgcGAGGGTCTCttacTCtctCCTCAGCAGCTACCG,aaaaCGGTAGCTGCTGAGGagaGAgtaaGAGACCCTC,
78,8,pegRNA,TTTGACGGTAGCTGCTGAGG,0.55,CGG-to-aga,+,12,,GGAGGGTCTCttacTCtctCCTCAGCAGCTA,G,9,0.56,15.95469364627769,22,0.55,PAM_disrupted_silent_mutation,caccGTTTGACGGTAGCTGCTGAGGgtttt,ctctaaaacCCTCAGCAGCTACCGTCAAAC,gtgcGGAGGGTCTCttacTCtctCCTCAGCAGCTA,aaaaTAGCTGCTGAGGagaGAgtaaGAGACCCTCC,
79,8,pegRNA,TTTGACGGTAGCTGCTGAGG,0.55,CGG-to-aga,+,12,,GGAGGGTCTCttacTCtctCCTCAGCAGCTAC,G,10,0.60,24.443634784522374,22,0.55,PAM_disrupted_silent_mutation,caccGTTTGACGGTAGCTGCTGAGGgtttt,ctctaaaacCCTCAGCAGCTACCGTCAAAC,gtgcGGAGGGTCTCttacTCtctCCTCAGCAGCTAC,aaaaGTAGCTGCTGAGGagaGAgtaaGAGACCCTCC,
80,8,pegRNA,TTTGACGGTAGCTGCTGAGG,0.55,CGG-to-aga,+,12,,GGAGGGTCTCttacTCtctCCTCAGCAGCTACC,G,11,0.64,32.309313591782654,22,0.55,PAM_disrupted_silent_mutation,caccGTTTGACGGTAGCTGCTGAGGgtttt,ctctaaaacCCTCAGCAGCTACCGTCAAAC,gtgcGGAGGGTCTCttacTCtctCCTCAGCAGCTACC,aaaaGGTAGCTGCTGAGGagaGAgtaaGAGACCCTCC,
81,8,pegRNA,TTTGACGGTAGCTGCTGAGG,0.55,CGG-to-aga,+,12,,GGAGGGTCTCttacTCtctCCTCAGCAGCTACCG,G,12,0.67,37.37583177823666,22,0.55,PAM_disrupted_silent_mutation,caccGTTTGACGGTAGCTGCTGAGGgtttt,ctctaaaacCCTCAGCAGCTACCGTCAAAC,gtgcGGAGGGTCTCttacTCtctCCTCAGCAGCTACCG,aaaaCGGTAGCTGCTGAGGagaGAgtaaGAGACCCTCC,
82,8,ngRNA,GATAACAGAGCTGAATTTGA,0.35,CGG,-,,-75,,,,,,,,PE3,caccGATAACAGAGCTGAATTTGA,aaacTCAAATTCAGCTCTGTTATC,,,
83,8,ngRNA,CCATTTGACACATAACGCCC,0.50,GGG,-,,-53,,,,,,,,PE3,caccGCCATTTGACACATAACGCCC,aaacGGGCGTTATGTGTCAAATGGC,,,
84,8,ngRNA,GCCATTTGACACATAACGCC,0.50,CGG,-,,-52,,,,,,,,PE3,caccGCCATTTGACACATAACGCC,aaacGGCGTTATGTGTCAAATGGC,,,
85,8,ngRNA,TAGTGACATAGCCCGACGGA,0.55,GGG,-,,18,,,,,,,,PE3,caccGTAGTGACATAGCCCGACGGA,aaacTCCGTCGGGCTATGTCACTAC,,,
86,8,ngRNA,TTAGTGACATAGCCCGACGG,0.55,AGG,-,,19,,,,,,,,PE3,caccGTTAGTGACATAGCCCGACGG,aaacCCGTCGGGCTATGTCACTAAC,,,
87,8,ngRNA,GTATTAGTGACATAGCCCGA,0.45,CGG,-,,22,,,,,,,,PE3,caccGTATTAGTGACATAGCCCGA,aaacTCGGGCTATGTCACTAATAC,,,
88,8,ngRNA,CAGCATCGGTACGGGGCGTT,0.65,TGG,-,,48,,,,,,,,PE3,caccGCAGCATCGGTACGGGGCGTT,aaacAACGCCCCGTACCGATGCTGC,,,
89,8,ngRNA,ACTTGTTCAGCATCGGTACG,0.50,GGG,-,,55,,,,,,,,PE3,caccGACTTGTTCAGCATCGGTACG,aaacCGTACCGATGCTGAACAAGTC,,,
90,8,ngRNA,GACTTGTTCAGCATCGGTAC,0.50,GGG,-,,56,,,,,,,,PE3,caccGACTTGTTCAGCATCGGTAC,aaacGTACCGATGCTGAACAAGTC,,,
91,8,ngRNA,CGACTTGTTCAGCATCGGTA,0.50,CGG,-,,57,,,,,,,,PE3,caccGCGACTTGTTCAGCATCGGTA,aaacTACCGATGCTGAACAAGTCGC,,,
92,8,ngRNA,TGCATCGACTTGTTCAGCAT,0.45,CGG,-,,62,,,,,,,,PE3,caccGTGCATCGACTTGTTCAGCAT,aaacATGCTGAACAAGTCGATGCAC,,,
93,8,ngRNA,GTTTACCCCTTTTCAAAGAC,0.40,GGG,-,,89,,,,,,,,PE3,caccGTTTACCCCTTTTCAAAGAC,aaacGTCTTTGAAAAGGGGTAAAC,,,
94,8,ngRNA,TGTTTACCCCTTTTCAAAGA,0.35,CGG,-,,90,,,,,,,,PE3,caccGTGTTTACCCCTTTTCAAAGA,aaacTCTTTGAAAAGGGGTAAACAC,,,
95,9,pegRNA,TTGACGGTAGCTGCTGAGGC,0.60,GGG-to-gag,+,11,,CttacTCtctCCTCAGCAGCT,C,9,0.56,19.89786121246624,12,0.50,PAM_disrupted_silent_mutation,caccGTTGACGGTAGCTGCTGAGGCgtttt,ctctaaaacGCCTCAGCAGCTACCGTCAAC,gtgcCttacTCtctCCTCAGCAGCT,aaaaAGCTGCTGAGGagaGAgtaaG,
96,9,pegRNA,TTGACGGTAGCTGCTGAGGC,0.60,GGG-to-gag,+,11,,CttacTCtctCCTCAGCAGCTA,C,10,0.50,22.619684825582112,12,0.50,PAM_disrupted_silent_mutation,caccGTTGACGGTAGCTGCTGAGGCgtttt,ctctaaaacGCCTCAGCAGCTACCGTCAAC,gtgcCttacTCtctCCTCAGCAGCTA,aaaaTAGCTGCTGAGGagaGAgtaaG,
97,9,pegRNA,TTGACGGTAGCTGCTGAGGC,0.60,GGG-to-gag,+,11,,CttacTCtctCCTCAGCAGCTAC,C,11,0.55,29.992474091193344,12,0.50,PAM_disrupted_silent_mutation,caccGTTGACGGTAGCTGCTGAGGCgtttt,ctctaaaacGCCTCAGCAGCTACCGTCAAC,gtgcCttacTCtctCCTCAGCAGCTAC,aaaaGTAGCTGCTGAGGagaGAgtaaG,
98,9,pegRNA,TTGACGGTAGCTGCTGAGGC,0.60,GGG-to-gag,+,11,,CttacTCtctCCTCAGCAGCTACC,C,12,0.58,36.7300164793798,12,0.50,PAM_disrupted_silent_mutation,caccGTTGACGGTAGCTGCTGAGGCgtttt,ctctaaaacGCCTCAGCAGCTACCGTCAAC,gtgcCttacTCtctCCTCAGCAGCTACC,aaaaGGTAGCTGCTGAGGagaGAgtaaG,
99,9,pegRNA,TTGACGGTAGCTGCTGAGGC,0.60,GGG-to-gag,+,11,,TCttacTCtctCCTCAGCAGCT,T,9,0.56,19.89786121246624,13,0.46,PAM_disrupted_silent_mutation,caccGTTGACGGTAGCTGCTGAGGCgtttt,ctctaaaacGCCTCAGCAGCTACCGTCAAC,gtgcTCttacTCtctCCTCAGCAGCT,aaaaAGCTGCTGAGGagaGAgtaaGA,
100,9,pegRNA,TTGACGGTAGCTGCTGAGGC,0.60,GGG-to-gag,+,11,,TCttacTCtctCCTCAGCAGCTA,T,10,0.50,22.619684825582112,13,0.46,PAM_disrupted_silent_mutation,caccGTTGACGGTAGCTGCTGAGGCgtttt,ctctaaaacGCCTCAGCAGCTACCGTCAAC,gtgcTCttacTCtctCCTCAGCAGCTA,aaaaTAGCTGCTGAGGagaGAgtaaGA,
101,9,pegRNA,TTGACGGTAGCTGCTGAGGC,0.60,GGG-to-gag,+,11,,TCttacTCtctCCTCAGCAGCTAC,T,11,0.55,29.992474091193344,13,0.46,PAM_disrupted_silent_mutation,caccGTTGACGGTAGCTGCTGAGGCgtttt,ctctaaaacGCCTCAGCAGCTACCGTCAAC,gtgcTCttacTCtctCCTCAGCAGCTAC,aaaaGTAGCTGCTGAGGagaGAgtaaGA,
102,9,pegRNA,TTGACGGTAGCTGCTGAGGC,0.60,GGG-to-gag,+,11,,TCttacTCtctCCTCAGCAGCTACC,T,12,0.58,36.7300164793798,13,0.46,PAM_disrupted_silent_mutation,caccGTTGACGGTAGCTGCTGAGGCgtttt,ctctaaaacGCCTCAGCAGCTACCGTCAAC,gtgcTCttacTCtctCCTCAGCAGCTACC,aaaaGGTAGCTGCTGAGGagaGAgtaaGA,
103,9,pegRNA,TTGACGGTAGCTGCTGAGGC,0.60,GGG-to-gag,+,11,,CTCttacTCtctCCTCAGCAGCT,C,9,0.56,19.89786121246624,14,0.50,PAM_disrupted_silent_mutation,caccGTTGACGGTAGCTGCTGAGGCgtttt,ctctaaaacGCCTCAGCAGCTACCGTCAAC,gtgcCTCttacTCtctCCTCAGCAGCT,aaaaAGCTGCTGAGGagaGAgtaaGAG,
104,9,pegRNA,TTGACGGTAGCTGCTGAGGC,0.60,GGG-to-gag,+,11,,CTCttacTCtctCCTCAGCAGCTA,C,10,0.50,22.619684825582112,14,0.50,PAM_disrupted_silent_mutation,caccGTTGACGGTAGCTGCTGAGGCgtttt,ctctaaaacGCCTCAGCAGCTACCGTCAAC,gtgcCTCttacTCtctCCTCAGCAGCTA,aaaaTAGCTGCTGAGGagaGAgtaaGAG,
105,9,pegRNA,TTGACGGTAGCTGCTGAGGC,0.60,GGG-to-gag,+,11,,CTCttacTCtctCCTCAGCAGCTAC,C,11,0.55,29.992474091193344,14,0.50,PAM_disrupted_silent_mutation,caccGTTGACGGTAGCTGCTGAGGCgtttt,ctctaaaacGCCTCAGCAGCTACCGTCAAC,gtgcCTCttacTCtctCCTCAGCAGCTAC,aaaaGTAGCTGCTGAGGagaGAgtaaGAG,
106,9,pegRNA,TTGACGGTAGCTGCTGAGGC,0.60,GGG-to-gag,+,11,,CTCttacTCtctCCTCAGCAGCTACC,C,12,0.58,36.7300164793798,14,0.50,PAM_disrupted_silent_mutation,caccGTTGACGGTAGCTGCTGAGGCgtttt,ctctaaaacGCCTCAGCAGCTACCGTCAAC,gtgcCTCttacTCtctCCTCAGCAGCTACC,aaaaGGTAGCTGCTGAGGagaGAgtaaGAG,
107,9,pegRNA,TTGACGGTAGCTGCTGAGGC,0.60,GGG-to-gag,+,11,,TCTCttacTCtctCCTCAGCAGCT,T,9,0.56,19.89786121246624,15,0.47,PAM_disrupted_silent_mutation,caccGTTGACGGTAGCTGCTGAGGCgtttt,ctctaaaacGCCTCAGCAGCTACCGTCAAC,gtgcTCTCttacTCtctCCTCAGCAGCT,aaaaAGCTGCTGAGGagaGAgtaaGAGA,
108,9,pegRNA,TTGACGGTAGCTGCTGAGGC,0.60,GGG-to-gag,+,11,,TCTCttacTCtctCCTCAGCAGCTA,T,10,0.50,22.619684825582112,15,0.47,PAM_disrupted_silent_mutation,caccGTTGACGGTAGCTGCTGAGGCgtttt,ctctaaaacGCCTCAGCAGCTACCGTCAAC,gtgcTCTCttacTCtctCCTCAGCAGCTA,aaaaTAGCTGCTGAGGagaGAgtaaGAGA,
109,9,pegRNA,TTGACGGTAGCTGCTGAGGC,0.60,GGG-to-gag,+,11,,TCTCttacTCtctCCTCAGCAGCTAC,T,11,0.55,29.992474091193344,15,0.47,PAM_disrupted_silent_mutation,caccGTTGACGGTAGCTGCTGAGGCgtttt,ctctaaaacGCCTCAGCAGCTACCGTCAAC,gtgcTCTCttacTCtctCCTCAGCAGCTAC,aaaaGTAGCTGCTGAGGagaGAgtaaGAGA,
110,9,pegRNA,TTGACGGTAGCTGCTGAGGC,0.60,GGG-to-gag,+,11,,TCTCttacTCtctCCTCAGCAGCTACC,T,12,0.58,36.7300164793798,15,0.47,PAM_disrupted_silent_mutation,caccGTTGACGGTAGCTGCTGAGGCgtttt,ctctaaaacGCCTCAGCAGCTACCGTCAAC,gtgcTCTCttacTCtctCCTCAGCAGCTACC,aaaaGGTAGCTGCTGAGGagaGAgtaaGAGA,
111,9,pegRNA,TTGACGGTAGCTGCTGAGGC,0.60,GGG-to-gag,+,11,,GTCTCttacTCtctCCTCAGCAGCT,G,9,0.56,19.89786121246624,16,0.50,PAM_disrupted_silent_mutation,caccGTTGACGGTAGCTGCTGAGGCgtttt,ctctaaaacGCCTCAGCAGCTACCGTCAAC,gtgcGTCTCttacTCtctCCTCAGCAGCT,aaaaAGCTGCTGAGGagaGAgtaaGAGAC,
112,9,pegRNA,TTGACGGTAGCTGCTGAGGC,0.60,GGG-to-gag,+,11,,GTCTCttacTCtctCCTCAGCAGCTA,G,10,0.50,22.619684825582112,16,0.50,PAM_disrupted_silent_mutation,caccGTTGACGGTAGCTGCTGAGGCgtttt,ctctaaaacGCCTCAGCAGCTACCGTCAAC,gtgcGTCTCttacTCtctCCTCAGCAGCTA,aaaaTAGCTGCTGAGGagaGAgtaaGAGAC,
113,9,pegRNA,TTGACGGTAGCTGCTGAGGC,0.60,GGG-to-gag,+,11,,GTCTCttacTCtctCCTCAGCAGCTAC,G,11,0.55,29.992474091193344,16,0.50,PAM_disrupted_silent_mutation,caccGTTGACGGTAGCTGCTGAGGCgtttt,ctctaaaacGCCTCAGCAGCTACCGTCAAC,gtgcGTCTCttacTCtctCCTCAGCAGCTAC,aaaaGTAGCTGCTGAGGagaGAgtaaGAGAC,
114,9,pegRNA,TTGACGGTAGCTGCTGAGGC,0.60,GGG-to-gag,+,11,,GTCTCttacTCtctCCTCAGCAGCTACC,G,12,0.58,36.7300164793798,16,0.50,PAM_disrupted_silent_mutation,caccGTTGACGGTAGCTGCTGAGGCgtttt,ctctaaaacGCCTCAGCAGCTACCGTCAAC,gtgcGTCTCttacTCtctCCTCAGCAGCTACC,aaaaGGTAGCTGCTGAGGagaGAgtaaGAGAC,
115,9,pegRNA,TTGACGGTAGCTGCTGAGGC,0.60,GGG-to-gag,+,11,,GGTCTCttacTCtctCCTCAGCAGCT,G,9,0.56,19.89786121246624,17,0.53,PAM_disrupted_silent_mutation,caccGTTGACGGTAGCTGCTGAGGCgtttt,ctctaaaacGCCTCAGCAGCTACCGTCAAC,gtgcGGTCTCttacTCtctCCTCAGCAGCT,aaaaAGCTGCTGAGGagaGAgtaaGAGACC,
116,9,pegRNA,TTGACGGTAGCTGCTGAGGC,0.60,GGG-to-gag,+,11,,GGTCTCttacTCtctCCTCAGCAGCTA,G,10,0.50,22.619684825582112,17,0.53,PAM_disrupted_silent_mutation,caccGTTGACGGTAGCTGCTGAGGCgtttt,ctctaaaacGCCTCAGCAGCTACCGTCAAC,gtgcGGTCTCttacTCtctCCTCAGCAGCTA,aaaaTAGCTGCTGAGGagaGAgtaaGAGACC,
117,9,pegRNA,TTGACGGTAGCTGCTGAGGC,0.60,GGG-to-gag,+,11,,GGTCTCttacTCtctCCTCAGCAGCTAC,G,11,0.55,29.992474091193344,17,0.53,PAM_disrupted_silent_mutation,caccGTTGACGGTAGCTGCTGAGGCgtttt,ctctaaaacGCCTCAGCAGCTACCGTCAAC,gtgcGGTCTCttacTCtctCCTCAGCAGCTAC,aaaaGTAGCTGCTGAGGagaGAgtaaGAGACC,
118,9,pegRNA,TTGACGGTAGCTGCTGAGGC,0.60,GGG-to-gag,+,11,,GGTCTCttacTCtctCCTCAGCAGCTACC,G,12,0.58,36.7300164793798,17,0.53,PAM_disrupted_silent_mutation,caccGTTGACGGTAGCTGCTGAGGCgtttt,ctctaaaacGCCTCAGCAGCTACCGTCAAC,gtgcGGTCTCttacTCtctCCTCAGCAGCTACC,aaaaGGTAGCTGCTGAGGagaGAgtaaGAGACC,
119,9,pegRNA,TTGACGGTAGCTGCTGAGGC,0.60,GGG-to-gag,+,11,,GGGTCTCttacTCtctCCTCAGCAGCT,G,9,0.56,19.89786121246624,18,0.56,PAM_disrupted_silent_mutation,caccGTTGACGGTAGCTGCTGAGGCgtttt,ctctaaaacGCCTCAGCAGCTACCGTCAAC,gtgcGGGTCTCttacTCtctCCTCAGCAGCT,aaaaAGCTGCTGAGGagaGAgtaaGAGACCC,
120,9,pegRNA,TTGACGGTAGCTGCTGAGGC,0.60,GGG-to-gag,+,11,,GGGTCTCttacTCtctCCTCAGCAGCTA,G,10,0.50,22.619684825582112,18,0.56,PAM_disrupted_silent_mutation,caccGTTGACGGTAGCTGCTGAGGCgtttt,ctctaaaacGCCTCAGCAGCTACCGTCAAC,gtgcGGGTCTCttacTCtctCCTCAGCAGCTA,aaaaTAGCTGCTGAGGagaGAgtaaGAGACCC,
121,9,pegRNA,TTGACGGTAGCTGCTGAGGC,0.60,GGG-to-gag,+,11,,GGGTCTCttacTCtctCCTCAGCAGCTAC,G,11,0.55,29.992474091193344,18,0.56,PAM_disrupted_silent_mutation,caccGTTGACGGTAGCTGCTGAGGCgtttt,ctctaaaacGCCTCAGCAGCTACCGTCAAC,gtgcGGGTCTCttacTCtctCCTCAGCAGCTAC,aaaaGTAGCTGCTGAGGagaGAgtaaGAGACCC,
122,9,pegRNA,TTGACGGTAGCTGCTGAGGC,0.60,GGG-to-gag,+,11,,GGGTCTCttacTCtctCCTCAGCAGCTACC,G,12,0.58,36.7300164793798,18,0.56,PAM_disrupted_silent_mutation,caccGTTGACGGTAGCTGCTGAGGCgtttt,ctctaaaacGCCTCAGCAGCTACCGTCAAC,gtgcGGGTCTCttacTCtctCCTCAGCAGCTACC,aaaaGGTAGCTGCTGAGGagaGAgtaaGAGACCC,
123,9,pegRNA,TTGACGGTAGCTGCTGAGGC,0.60,GGG-to-gag,+,11,,AGGGTCTCttacTCtctCCTCAGCAGCT,A,9,0.56,19.89786121246624,19,0.53,PAM_disrupted_silent_mutation,caccGTTGACGGTAGCTGCTGAGGCgtttt,ctctaaaacGCCTCAGCAGCTACCGTCAAC,gtgcAGGGTCTCttacTCtctCCTCAGCAGCT,aaaaAGCTGCTGAGGagaGAgtaaGAGACCCT,
124,9,pegRNA,TTGACGGTAGCTGCTGAGGC,0.60,GGG-to-gag,+,11,,AGGGTCTCttacTCtctCCTCAGCAGCTA,A,10,0.50,22.619684825582112,19,0.53,PAM_disrupted_silent_mutation,caccGTTGACGGTAGCTGCTGAGGCgtttt,ctctaaaacGCCTCAGCAGCTACCGTCAAC,gtgcAGGGTCTCttacTCtctCCTCAGCAGCTA,aaaaTAGCTGCTGAGGagaGAgtaaGAGACCCT,
125,9,pegRNA,TTGACGGTAGCTGCTGAGGC,0.60,GGG-to-gag,+,11,,AGGGTCTCttacTCtctCCTCAGCAGCTAC,A,11,0.55,29.992474091193344,19,0.53,PAM_disrupted_silent_mutation,caccGTTGACGGTAGCTGCTGAGGCgtttt,ctctaaaacGCCTCAGCAGCTACCGTCAAC,gtgcAGGGTCTCttacTCtctCCTCAGCAGCTAC,aaaaGTAGCTGCTGAGGagaGAgtaaGAGACCCT,
126,9,pegRNA,TTGACGGTAGCTGCTGAGGC,0.60,GGG-to-gag,+,11,,AGGGTCTCttacTCtctCCTCAGCAGCTACC,A,12,0.58,36.7300164793798,19,0.53,PAM_disrupted_silent_mutation,caccGTTGACGGTAGCTGCTGAGGCgtttt,ctctaaaacGCCTCAGCAGCTACCGTCAAC,gtgcAGGGTCTCttacTCtctCCTCAGCAGCTACC,aaaaGGTAGCTGCTGAGGagaGAgtaaGAGACCCT,
127,9,pegRNA,TTGACGGTAGCTGCTGAGGC,0.60,GGG-to-gag,+,11,,GAGGGTCTCttacTCtctCCTCAGCAGCT,G,9,0.56,19.89786121246624,20,0.55,PAM_disrupted_silent_mutation,caccGTTGACGGTAGCTGCTGAGGCgtttt,ctctaaaacGCCTCAGCAGCTACCGTCAAC,gtgcGAGGGTCTCttacTCtctCCTCAGCAGCT,aaaaAGCTGCTGAGGagaGAgtaaGAGACCCTC,
128,9,pegRNA,TTGACGGTAGCTGCTGAGGC,0.60,GGG-to-gag,+,11,,GAGGGTCTCttacTCtctCCTCAGCAGCTA,G,10,0.50,22.619684825582112,20,0.55,PAM_disrupted_silent_mutation,caccGTTGACGGTAGCTGCTGAGGCgtttt,ctctaaaacGCCTCAGCAGCTACCGTCAAC,gtgcGAGGGTCTCttacTCtctCCTCAGCAGCTA,aaaaTAGCTGCTGAGGagaGAgtaaGAGACCCTC,
129,9,pegRNA,TTGACGGTAGCTGCTGAGGC,0.60,GGG-to-gag,+,11,,GAGGGTCTCttacTCtctCCTCAGCAGCTAC,G,11,0.55,29.992474091193344,20,0.55,PAM_disrupted_silent_mutation,caccGTTGACGGTAGCTGCTGAGGCgtttt,ctctaaaacGCCTCAGCAGCTACCGTCAAC,gtgcGAGGGTCTCttacTCtctCCTCAGCAGCTAC,aaaaGTAGCTGCTGAGGagaGAgtaaGAGACCCTC,
130,9,pegRNA,TTGACGGTAGCTGCTGAGGC,0.60,GGG-to-gag,+,11,,GAGGGTCTCttacTCtctCCTCAGCAGCTACC,G,12,0.58,36.7300164793798,20,0.55,PAM_disrupted_silent_mutation,caccGTTGACGGTAGCTGCTGAGGCgtttt,ctctaaaacGCCTCAGCAGCTACCGTCAAC,gtgcGAGGGTCTCttacTCtctCCTCAGCAGCTACC,aaaaGGTAGCTGCTGAGGagaGAgtaaGAGACCCTC,
131,9,pegRNA,TTGACGGTAGCTGCTGAGGC,0.60,GGG-to-gag,+,11,,GGAGGGTCTCttacTCtctCCTCAGCAGCT,G,9,0.56,19.89786121246624,21,0.57,PAM_disrupted_silent_mutation,caccGTTGACGGTAGCTGCTGAGGCgtttt,ctctaaaacGCCTCAGCAGCTACCGTCAAC,gtgcGGAGGGTCTCttacTCtctCCTCAGCAGCT,aaaaAGCTGCTGAGGagaGAgtaaGAGACCCTCC,
132,9,pegRNA,TTGACGGTAGCTGCTGAGGC,0.60,GGG-to-gag,+,11,,GGAGGGTCTCttacTCtctCCTCAGCAGCTA,G,10,0.50,22.619684825582112,21,0.57,PAM_disrupted_silent_mutation,caccGTTGACGGTAGCTGCTGAGGCgtttt,ctctaaaacGCCTCAGCAGCTACCGTCAAC,gtgcGGAGGGTCTCttacTCtctCCTCAGCAGCTA,aaaaTAGCTGCTGAGGagaGAgtaaGAGACCCTCC,
133,9,pegRNA,TTGACGGTAGCTGCTGAGGC,0.60,GGG-to-gag,+,11,,GGAGGGTCTCttacTCtctCCTCAGCAGCTAC,G,11,0.55,29.992474091193344,21,0.57,PAM_disrupted_silent_mutation,caccGTTGACGGTAGCTGCTGAGGCgtttt,ctctaaaacGCCTCAGCAGCTACCGTCAAC,gtgcGGAGGGTCTCttacTCtctCCTCAGCAGCTAC,aaaaGTAGCTGCTGAGGagaGAgtaaGAGACCCTCC,
134,9,pegRNA,TTGACGGTAGCTGCTGAGGC,0.60,GGG-to-gag,+,11,,GGAGGGTCTCttacTCtctCCTCAGCAGCTACC,G,12,0.58,36.7300164793798,21,0.57,PAM_disrupted_silent_mutation,caccGTTGACGGTAGCTGCTGAGGCgtttt,ctctaaaacGCCTCAGCAGCTACCGTCAAC,gtgcGGAGGGTCTCttacTCtctCCTCAGCAGCTACC,aaaaGGTAGCTGCTGAGGagaGAgtaaGAGACCCTCC,
135,9,pegRNA,TTGACGGTAGCTGCTGAGGC,0.60,GGG-to-gag,+,11,,CGGAGGGTCTCttacTCtctCCTCAGCAGCT,C,9,0.56,19.89786121246624,22,0.59,PAM_disrupted_silent_mutation,caccGTTGACGGTAGCTGCTGAGGCgtttt,ctctaaaacGCCTCAGCAGCTACCGTCAAC,gtgcCGGAGGGTCTCttacTCtctCCTCAGCAGCT,aaaaAGCTGCTGAGGagaGAgtaaGAGACCCTCCG,
136,9,pegRNA,TTGACGGTAGCTGCTGAGGC,0.60,GGG-to-gag,+,11,,CGGAGGGTCTCttacTCtctCCTCAGCAGCTA,C,10,0.50,22.619684825582112,22,0.59,PAM_disrupted_silent_mutation,caccGTTGACGGTAGCTGCTGAGGCgtttt,ctctaaaacGCCTCAGCAGCTACCGTCAAC,gtgcCGGAGGGTCTCttacTCtctCCTCAGCAGCTA,aaaaTAGCTGCTGAGGagaGAgtaaGAGACCCTCCG,
137,9,pegRNA,TTGACGGTAGCTGCTGAGGC,0.60,GGG-to-gag,+,11,,CGGAGGGTCTCttacTCtctCCTCAGCAGCTAC,C,11,0.55,29.992474091193344,22,0.59,PAM_disrupted_silent_mutation,caccGTTGACGGTAGCTGCTGAGGCgtttt,ctctaaaacGCCTCAGCAGCTACCGTCAAC,gtgcCGGAGGGTCTCttacTCtctCCTCAGCAGCTAC,aaaaGTAGCTGCTGAGGagaGAgtaaGAGACCCTCCG,
138,9,pegRNA,TTGACGGTAGCTGCTGAGGC,0.60,GGG-to-gag,+,11,,CGGAGGGTCTCttacTCtctCCTCAGCAGCTACC,C,12,0.58,36.7300164793798,22,0.59,PAM_disrupted_silent_mutation,caccGTTGACGGTAGCTGCTGAGGCgtttt,ctctaaaacGCCTCAGCAGCTACCGTCAAC,gtgcCGGAGGGTCTCttacTCtctCCTCAGCAGCTACC,aaaaGGTAGCTGCTGAGGagaGAgtaaGAGACCCTCCG,
139,9,ngRNA,GATAACAGAGCTGAATTTGA,0.35,CGG,-,,-76,,,,,,,,PE3,caccGATAACAGAGCTGAATTTGA,aaacTCAAATTCAGCTCTGTTATC,,,
140,9,ngRNA,CCATTTGACACATAACGCCC,0.50,GGG,-,,-54,,,,,,,,PE3,caccGCCATTTGACACATAACGCCC,aaacGGGCGTTATGTGTCAAATGGC,,,
141,9,ngRNA,GCCATTTGACACATAACGCC,0.50,CGG,-,,-53,,,,,,,,PE3,caccGCCATTTGACACATAACGCC,aaacGGCGTTATGTGTCAAATGGC,,,
142,9,ngRNA,TAGTGACATAGCCCGACGGA,0.55,GGG,-,,17,,,,,,,,PE3,caccGTAGTGACATAGCCCGACGGA,aaacTCCGTCGGGCTATGTCACTAC,,,
143,9,ngRNA,TTAGTGACATAGCCCGACGG,0.55,AGG,-,,18,,,,,,,,PE3,caccGTTAGTGACATAGCCCGACGG,aaacCCGTCGGGCTATGTCACTAAC,,,
144,9,ngRNA,GTATTAGTGACATAGCCCGA,0.45,CGG,-,,21,,,,,,,,PE3,caccGTATTAGTGACATAGCCCGA,aaacTCGGGCTATGTCACTAATAC,,,
145,9,ngRNA,CAGCATCGGTACGGGGCGTT,0.65,TGG,-,,47,,,,,,,,PE3,caccGCAGCATCGGTACGGGGCGTT,aaacAACGCCCCGTACCGATGCTGC,,,
146,9,ngRNA,ACTTGTTCAGCATCGGTACG,0.50,GGG,-,,54,,,,,,,,PE3,caccGACTTGTTCAGCATCGGTACG,aaacCGTACCGATGCTGAACAAGTC,,,
147,9,ngRNA,GACTTGTTCAGCATCGGTAC,0.50,GGG,-,,55,,,,,,,,PE3,caccGACTTGTTCAGCATCGGTAC,aaacGTACCGATGCTGAACAAGTC,,,
148,9,ngRNA,CGACTTGTTCAGCATCGGTA,0.50,CGG,-,,56,,,,,,,,PE3,caccGCGACTTGTTCAGCATCGGTA,aaacTACCGATGCTGAACAAGTCGC,,,
149,9,ngRNA,TGCATCGACTTGTTCAGCAT,0.45,CGG,-,,61,,,,,,,,PE3,caccGTGCATCGACTTGTTCAGCAT,aaacATGCTGAACAAGTCGATGCAC,,,
150,9,ngRNA,GTTTACCCCTTTTCAAAGAC,0.40,GGG,-,,88,,,,,,,,PE3,caccGTTTACCCCTTTTCAAAGAC,aaacGTCTTTGAAAAGGGGTAAAC,,,
151,9,ngRNA,TGTTTACCCCTTTTCAAAGA,0.35,CGG,-,,89,,,,,,,,PE3,caccGTGTTTACCCCTTTTCAAAGA,aaacTCTTTGAAAAGGGGTAAACAC,,,
152,10,pegRNA,TAGTGACATAGCCCGACGGA,0.55,GGG-to-gtg,-,14,,AgtaaGAGacaCTCCGTCGGGCTA,A,9,0.67,26.534488747582998,15,0.47,PAM_disrupted_silent_mutation,caccGTAGTGACATAGCCCGACGGAgtttt,ctctaaaacTCCGTCGGGCTATGTCACTAC,gtgcAgtaaGAGacaCTCCGTCGGGCTA,aaaaTAGCCCGACGGAGtgtCTCttacT,
153,10,pegRNA,TAGTGACATAGCCCGACGGA,0.55,GGG-to-gtg,-,14,,AgtaaGAGacaCTCCGTCGGGCTAT,A,10,0.60,29.324721973974476,15,0.47,PAM_disrupted_silent_mutation,caccGTAGTGACATAGCCCGACGGAgtttt,ctctaaaacTCCGTCGGGCTATGTCACTAC,gtgcAgtaaGAGacaCTCCGTCGGGCTAT,aaaaATAGCCCGACGGAGtgtCTCttacT,
154,10,pegRNA,TAGTGACATAGCCCGACGGA,0.55,GGG-to-gtg,-,14,,AgtaaGAGacaCTCCGTCGGGCTATG,A,11,0.64,33.95565200243618,15,0.47,PAM_disrupted_silent_mutation,caccGTAGTGACATAGCCCGACGGAgtttt,ctctaaaacTCCGTCGGGCTATGTCACTAC,gtgcAgtaaGAGacaCTCCGTCGGGCTATG,aaaaCATAGCCCGACGGAGtgtCTCttacT,
155,10,pegRNA,TAGTGACATAGCCCGACGGA,0.55,GGG-to-gtg,-,14,,AgtaaGAGacaCTCCGTCGGGCTATGT,A,12,0.58,36.380224192467495,15,0.47,PAM_disrupted_silent_mutation,caccGTAGTGACATAGCCCGACGGAgtttt,ctctaaaacTCCGTCGGGCTATGTCACTAC,gtgcAgtaaGAGacaCTCCGTCGGGCTATGT,aaaaACATAGCCCGACGGAGtgtCTCttacT,
156,10,pegRNA,TAGTGACATAGCCCGACGGA,0.55,GGG-to-gtg,-,14,,GAgtaaGAGacaCTCCGTCGGGCTA,G,9,0.67,26.534488747582998,16,0.50,PAM_disrupted_silent_mutation,caccGTAGTGACATAGCCCGACGGAgtttt,ctctaaaacTCCGTCGGGCTATGTCACTAC,gtgcGAgtaaGAGacaCTCCGTCGGGCTA,aaaaTAGCCCGACGGAGtgtCTCttacTC,
157,10,pegRNA,TAGTGACATAGCCCGACGGA,0.55,GGG-to-gtg,-,14,,GAgtaaGAGacaCTCCGTCGGGCTAT,G,10,0.60,29.324721973974476,16,0.50,PAM_disrupted_silent_mutation,caccGTAGTGACATAGCCCGACGGAgtttt,ctctaaaacTCCGTCGGGCTATGTCACTAC,gtgcGAgtaaGAGacaCTCCGTCGGGCTAT,aaaaATAGCCCGACGGAGtgtCTCttacTC,
158,10,pegRNA,TAGTGACATAGCCCGACGGA,0.55,GGG-to-gtg,-,14,,GAgtaaGAGacaCTCCGTCGGGCTATG,G,11,0.64,33.95565200243618,16,0.50,PAM_disrupted_silent_mutation,caccGTAGTGACATAGCCCGACGGAgtttt,ctctaaaacTCCGTCGGGCTATGTCACTAC,gtgcGAgtaaGAGacaCTCCGTCGGGCTATG,aaaaCATAGCCCGACGGAGtgtCTCttacTC,
159,10,pegRNA,TAGTGACATAGCCCGACGGA,0.55,GGG-to-gtg,-,14,,GAgtaaGAGacaCTCCGTCGGGCTATGT,G,12,0.58,36.380224192467495,16,0.50,PAM_disrupted_silent_mutation,caccGTAGTGACATAGCCCGACGGAgtttt,ctctaaaacTCCGTCGGGCTATGTCACTAC,gtgcGAgtaaGAGacaCTCCGTCGGGCTATGT,aaaaACATAGCCCGACGGAGtgtCTCttacTC,
160,10,pegRNA,TAGTGACATAGCCCGACGGA,0.55,GGG-to-gtg,-,14,,GGAgtaaGAGacaCTCCGTCGGGCTA,G,9,0.67,26.534488747582998,17,0.53,PAM_disrupted_silent_mutation,caccGTAGTGACATAGCCCGACGGAgtttt,ctctaaaacTCCGTCGGGCTATGTCACTAC,gtgcGGAgtaaGAGacaCTCCGTCGGGCTA,aaaaTAGCCCGACGGAGtgtCTCttacTCC,
161,10,pegRNA,TAGTGACATAGCCCGACGGA,0.55,GGG-to-gtg,-,14,,GGAgtaaGAGacaCTCCGTCGGGCTAT,G,10,0.60,29.324721973974476,17,0.53,PAM_disrupted_silent_mutation,caccGTAGTGACATAGCCCGACGGAgtttt,ctctaaaacTCCGTCGGGCTATGTCACTAC,gtgcGGAgtaaGAGacaCTCCGTCGGGCTAT,aaaaATAGCCCGACGGAGtgtCTCttacTCC,
162,10,pegRNA,TAGTGACATAGCCCGACGGA,0.55,GGG-to-gtg,-,14,,GGAgtaaGAGacaCTCCGTCGGGCTATG,G,11,0.64,33.95565200243618,17,0.53,PAM_disrupted_silent_mutation,caccGTAGTGACATAGCCCGACGGAgtttt,ctctaaaacTCCGTCGGGCTATGTCACTAC,gtgcGGAgtaaGAGacaCTCCGTCGGGCTATG,aaaaCATAGCCCGACGGAGtgtCTCttacTCC,
163,10,pegRNA,TAGTGACATAGCCCGACGGA,0.55,GGG-to-gtg,-,14,,GGAgtaaGAGacaCTCCGTCGGGCTATGT,G,12,0.58,36.380224192467495,17,0.53,PAM_disrupted_silent_mutation,caccGTAGTGACATAGCCCGACGGAgtttt,ctctaaaacTCCGTCGGGCTATGTCACTAC,gtgcGGAgtaaGAGacaCTCCGTCGGGCTATGT,aaaaACATAGCCCGACGGAGtgtCTCttacTCC,
164,10,pegRNA,TAGTGACATAGCCCGACGGA,0.55,GGG-to-gtg,-,14,,GGGAgtaaGAGacaCTCCGTCGGGCTA,G,9,0.67,26.534488747582998,18,0.56,PAM_disrupted_silent_mutation,caccGTAGTGACATAGCCCGACGGAgtttt,ctctaaaacTCCGTCGGGCTATGTCACTAC,gtgcGGGAgtaaGAGacaCTCCGTCGGGCTA,aaaaTAGCCCGACGGAGtgtCTCttacTCCC,
165,10,pegRNA,TAGTGACATAGCCCGACGGA,0.55,GGG-to-gtg,-,14,,GGGAgtaaGAGacaCTCCGTCGGGCTAT,G,10,0.60,29.324721973974476,18,0.56,PAM_disrupted_silent_mutation,caccGTAGTGACATAGCCCGACGGAgtttt,ctctaaaacTCCGTCGGGCTATGTCACTAC,gtgcGGGAgtaaGAGacaCTCCGTCGGGCTAT,aaaaATAGCCCGACGGAGtgtCTCttacTCCC,
166,10,pegRNA,TAGTGACATAGCCCGACGGA,0.55,GGG-to-gtg,-,14,,GGGAgtaaGAGacaCTCCGTCGGGCTATG,G,11,0.64,33.95565200243618,18,0.56,PAM_disrupted_silent_mutation,caccGTAGTGACATAGCCCGACGGAgtttt,ctctaaaacTCCGTCGGGCTATGTCACTAC,gtgcGGGAgtaaGAGacaCTCCGTCGGGCTATG,aaaaCATAGCCCGACGGAGtgtCTCttacTCCC,
167,10,pegRNA,TAGTGACATAGCCCGACGGA,0.55,GGG-to-gtg,-,14,,GGGAgtaaGAGacaCTCCGTCGGGCTATGT,G,12,0.58,36.380224192467495,18,0.56,PAM_disrupted_silent_mutation,caccGTAGTGACATAGCCCGACGGAgtttt,ctctaaaacTCCGTCGGGCTATGTCACTAC,gtgcGGGAgtaaGAGacaCTCCGTCGGGCTATGT,aaaaACATAGCCCGACGGAGtgtCTCttacTCCC,
168,10,pegRNA,TAGTGACATAGCCCGACGGA,0.55,GGG-to-gtg,-,14,,CGGGAgtaaGAGacaCTCCGTCGGGCTA,C,9,0.67,26.534488747582998,19,0.58,PAM_disrupted_silent_mutation,caccGTAGTGACATAGCCCGACGGAgtttt,ctctaaaacTCCGTCGGGCTATGTCACTAC,gtgcCGGGAgtaaGAGacaCTCCGTCGGGCTA,aaaaTAGCCCGACGGAGtgtCTCttacTCCCG,
169,10,pegRNA,TAGTGACATAGCCCGACGGA,0.55,GGG-to-gtg,-,14,,CGGGAgtaaGAGacaCTCCGTCGGGCTAT,C,10,0.60,29.324721973974476,19,0.58,PAM_disrupted_silent_mutation,caccGTAGTGACATAGCCCGACGGAgtttt,ctctaaaacTCCGTCGGGCTATGTCACTAC,gtgcCGGGAgtaaGAGacaCTCCGTCGGGCTAT,aaaaATAGCCCGACGGAGtgtCTCttacTCCCG,
170,10,pegRNA,TAGTGACATAGCCCGACGGA,0.55,GGG-to-gtg,-,14,,CGGGAgtaaGAGacaCTCCGTCGGGCTATG,C,11,0.64,33.95565200243618,19,0.58,PAM_disrupted_silent_mutation,caccGTAGTGACATAGCCCGACGGAgtttt,ctctaaaacTCCGTCGGGCTATGTCACTAC,gtgcCGGGAgtaaGAGacaCTCCGTCGGGCTATG,aaaaCATAGCCCGACGGAGtgtCTCttacTCCCG,
171,10,pegRNA,TAGTGACATAGCCCGACGGA,0.55,GGG-to-gtg,-,14,,CGGGAgtaaGAGacaCTCCGTCGGGCTATGT,C,12,0.58,36.380224192467495,19,0.58,PAM_disrupted_silent_mutation,caccGTAGTGACATAGCCCGACGGAgtttt,ctctaaaacTCCGTCGGGCTATGTCACTAC,gtgcCGGGAgtaaGAGacaCTCCGTCGGGCTATGT,aaaaACATAGCCCGACGGAGtgtCTCttacTCCCG,
172,10,pegRNA,TAGTGACATAGCCCGACGGA,0.55,GGG-to-gtg,-,14,,GCGGGAgtaaGAGacaCTCCGTCGGGCTA,G,9,0.67,26.534488747582998,20,0.60,PAM_disrupted_silent_mutation,caccGTAGTGACATAGCCCGACGGAgtttt,ctctaaaacTCCGTCGGGCTATGTCACTAC,gtgcGCGGGAgtaaGAGacaCTCCGTCGGGCTA,aaaaTAGCCCGACGGAGtgtCTCttacTCCCGC,
173,10,pegRNA,TAGTGACATAGCCCGACGGA,0.55,GGG-to-gtg,-,14,,GCGGGAgtaaGAGacaCTCCGTCGGGCTAT,G,10,0.60,29.324721973974476,20,0.60,PAM_disrupted_silent_mutation,caccGTAGTGACATAGCCCGACGGAgtttt,ctctaaaacTCCGTCGGGCTATGTCACTAC,gtgcGCGGGAgtaaGAGacaCTCCGTCGGGCTAT,aaaaATAGCCCGACGGAGtgtCTCttacTCCCGC,
174,10,pegRNA,TAGTGACATAGCCCGACGGA,0.55,GGG-to-gtg,-,14,,GCGGGAgtaaGAGacaCTCCGTCGGGCTATG,G,11,0.64,33.95565200243618,20,0.60,PAM_disrupted_silent_mutation,caccGTAGTGACATAGCCCGACGGAgtttt,ctctaaaacTCCGTCGGGCTATGTCACTAC,gtgcGCGGGAgtaaGAGacaCTCCGTCGGGCTATG,aaaaCATAGCCCGACGGAGtgtCTCttacTCCCGC,
175,10,pegRNA,TAGTGACATAGCCCGACGGA,0.55,GGG-to-gtg,-,14,,GCGGGAgtaaGAGacaCTCCGTCGGGCTATGT,G,12,0.58,36.380224192467495,20,0.60,PAM_disrupted_silent_mutation,caccGTAGTGACATAGCCCGACGGAgtttt,ctctaaaacTCCGTCGGGCTATGTCACTAC,gtgcGCGGGAgtaaGAGacaCTCCGTCGGGCTATGT,aaaaACATAGCCCGACGGAGtgtCTCttacTCCCGC,
176,10,pegRNA,TAGTGACATAGCCCGACGGA,0.55,GGG-to-gtg,-,14,,GGCGGGAgtaaGAGacaCTCCGTCGGGCTA,G,9,0.67,26.534488747582998,21,0.62,PAM_disrupted_silent_mutation,caccGTAGTGACATAGCCCGACGGAgtttt,ctctaaaacTCCGTCGGGCTATGTCACTAC,gtgcGGCGGGAgtaaGAGacaCTCCGTCGGGCTA,aaaaTAGCCCGACGGAGtgtCTCttacTCCCGCC,
177,10,pegRNA,TAGTGACATAGCCCGACGGA,0.55,GGG-to-gtg,-,14,,GGCGGGAgtaaGAGacaCTCCGTCGGGCTAT,G,10,0.60,29.324721973974476,21,0.62,PAM_disrupted_silent_mutation,caccGTAGTGACATAGCCCGACGGAgtttt,ctctaaaacTCCGTCGGGCTATGTCACTAC,gtgcGGCGGGAgtaaGAGacaCTCCGTCGGGCTAT,aaaaATAGCCCGACGGAGtgtCTCttacTCCCGCC,
178,10,pegRNA,TAGTGACATAGCCCGACGGA,0.55,GGG-to-gtg,-,14,,GGCGGGAgtaaGAGacaCTCCGTCGGGCTATG,G,11,0.64,33.95565200243618,21,0.62,PAM_disrupted_silent_mutation,caccGTAGTGACATAGCCCGACGGAgtttt,ctctaaaacTCCGTCGGGCTATGTCACTAC,gtgcGGCGGGAgtaaGAGacaCTCCGTCGGGCTATG,aaaaCATAGCCCGACGGAGtgtCTCttacTCCCGCC,
179,10,pegRNA,TAGTGACATAGCCCGACGGA,0.55,GGG-to-gtg,-,14,,GGCGGGAgtaaGAGacaCTCCGTCGGGCTATGT,G,12,0.58,36.380224192467495,21,0.62,PAM_disrupted_silent_mutation,caccGTAGTGACATAGCCCGACGGAgtttt,ctctaaaacTCCGTCGGGCTATGTCACTAC,gtgcGGCGGGAgtaaGAGacaCTCCGTCGGGCTATGT,aaaaACATAGCCCGACGGAGtgtCTCttacTCCCGCC,
180,10,pegRNA,TAGTGACATAGCCCGACGGA,0.55,GGG-to-gtg,-,14,,AGGCGGGAgtaaGAGacaCTCCGTCGGGCTA,A,9,0.67,26.534488747582998,22,0.59,PAM_disrupted_silent_mutation,caccGTAGTGACATAGCCCGACGGAgtttt,ctctaaaacTCCGTCGGGCTATGTCACTAC,gtgcAGGCGGGAgtaaGAGacaCTCCGTCGGGCTA,aaaaTAGCCCGACGGAGtgtCTCttacTCCCGCCT,
181,10,pegRNA,TAGTGACATAGCCCGACGGA,0.55,GGG-to-gtg,-,14,,AGGCGGGAgtaaGAGacaCTCCGTCGGGCTAT,A,10,0.60,29.324721973974476,22,0.59,PAM_disrupted_silent_mutation,caccGTAGTGACATAGCCCGACGGAgtttt,ctctaaaacTCCGTCGGGCTATGTCACTAC,gtgcAGGCGGGAgtaaGAGacaCTCCGTCGGGCTAT,aaaaATAGCCCGACGGAGtgtCTCttacTCCCGCCT,
182,10,pegRNA,TAGTGACATAGCCCGACGGA,0.55,GGG-to-gtg,-,14,,AGGCGGGAgtaaGAGacaCTCCGTCGGGCTATG,A,11,0.64,33.95565200243618,22,0.59,PAM_disrupted_silent_mutation,caccGTAGTGACATAGCCCGACGGAgtttt,ctctaaaacTCCGTCGGGCTATGTCACTAC,gtgcAGGCGGGAgtaaGAGacaCTCCGTCGGGCTATG,aaaaCATAGCCCGACGGAGtgtCTCttacTCCCGCCT,
183,10,pegRNA,TAGTGACATAGCCCGACGGA,0.55,GGG-to-gtg,-,14,,AGGCGGGAgtaaGAGacaCTCCGTCGGGCTATGT,A,12,0.58,36.380224192467495,22,0.59,PAM_disrupted_silent_mutation,caccGTAGTGACATAGCCCGACGGAgtttt,ctctaaaacTCCGTCGGGCTATGTCACTAC,gtgcAGGCGGGAgtaaGAGacaCTCCGTCGGGCTATGT,aaaaACATAGCCCGACGGAGtgtCTCttacTCCCGCCT,
184,10,ngRNA,CAAATTCAGCTCTGTTATCC,0.40,CGG,+,,-78,,,,,,,,PE3,caccGCAAATTCAGCTCTGTTATCC,aaacGGATAACAGAGCTGAATTTGC,,,
185,10,ngRNA,AAATTCAGCTCTGTTATCCC,0.40,GGG,+,,-77,,,,,,,,PE3,caccGAAATTCAGCTCTGTTATCCC,aaacGGGATAACAGAGCTGAATTTC,,,
186,10,ngRNA,CCCGGGCGTTATGTGTCAAA,0.55,TGG,+,,-60,,,,,,,,PE3,caccGCCCGGGCGTTATGTGTCAAA,aaacTTTGACACATAACGCCCGGGC,,,
187,10,ngRNA,ATGTGTCAAATGGCGTAGAA,0.40,CGG,+,,-50,,,,,,,,PE3,caccGATGTGTCAAATGGCGTAGAA,aaacTTCTACGCCATTTGACACATC,,,
188,10,ngRNA,TGTGTCAAATGGCGTAGAAC,0.45,GGG,+,,-49,,,,,,,,PE3,caccGTGTGTCAAATGGCGTAGAAC,aaacGTTCTACGCCATTTGACACAC,,,
189,10,ngRNA,GAACGGGATTGACTGTTTGA,0.45,CGG,+,,-33,,,,,,,,PE3,caccGAACGGGATTGACTGTTTGA,aaacTCAAACAGTCAATCCCGTTC,,,
190,10,ngRNA,CTGTTTGACGGTAGCTGCTG,0.55,AGG,+,,-21,,,,,,,,PE3,caccGCTGTTTGACGGTAGCTGCTG,aaacCAGCAGCTACCGTCAAACAGC,,,
191,10,ngRNA,TTTGACGGTAGCTGCTGAGG,0.55,CGG,+,,-18,,,,,,,,PE3,caccGTTTGACGGTAGCTGCTGAGG,aaacCCTCAGCAGCTACCGTCAAAC,,,
192,10,ngRNA,TTGACGGTAGCTGCTGAGGC,0.60,GGG,+,,-17,,,,,,,,PE3,caccGTTGACGGTAGCTGCTGAGGC,aaacGCCTCAGCAGCTACCGTCAAC,,,
193,10,ngRNA,GGGAgtaaGAGacaCTCCGT,0.55,CGG,+,,-1,,,,,,,,PE3b-seed,caccGGGAgtaaGAGacaCTCCGT,aaacACGGAGtgtCTCttacTCCC,,,
194,10,ngRNA,GGAgtaaGAGacaCTCCGTC,0.55,GGG,+,,0,,,,,,,,PE3b-seed,caccGGAgtaaGAGacaCTCCGTC,aaacGACGGAGtgtCTCttacTCC,,,
195,10,ngRNA,GATGCTGAACAAGTCGATGC,0.50,AGG,+,,57,,,,,,,,PE3,caccGATGCTGAACAAGTCGATGC,aaacGCATCGACTTGTTCAGCATC,,,
196,10,ngRNA,GCAGGCTCCCGTCTTTGAAA,0.55,AGG,+,,75,,,,,,,,PE3,caccGCAGGCTCCCGTCTTTGAAA,aaacTTTCAAAGACGGGAGCCTGC,,,
197,10,ngRNA,CAGGCTCCCGTCTTTGAAAA,0.50,GGG,+,,76,,,,,,,,PE3,caccGCAGGCTCCCGTCTTTGAAAA,aaacTTTTCAAAGACGGGAGCCTGC,,,
198,10,ngRNA,AGGCTCCCGTCTTTGAAAAG,0.50,GGG,+,,77,,,,,,,,PE3,caccGAGGCTCCCGTCTTTGAAAAG,aaacCTTTTCAAAGACGGGAGCCTC,,,
199,10,ngRNA,AAAAGGGGTAAACATACAAG,0.35,TGG,+,,92,,,,,,,,PE3,caccGAAAAGGGGTAAACATACAAG,aaacCTTGTATGTTTACCCCTTTTC,,,
200,10,ngRNA,ACATACAAGTGGATAGATGA,0.35,TGG,+,,103,,,,,,,,PE3,caccGACATACAAGTGGATAGATGA,aaacTCATCTATCCACTTGTATGTC,,,
201,10,ngRNA,CATACAAGTGGATAGATGAT,0.35,GGG,+,,104,,,,,,,,PE3,caccGCATACAAGTGGATAGATGAT,aaacATCATCTATCCACTTGTATGC,,,
202,10,ngRNA,CAAGTGGATAGATGATGGGT,0.45,AGG,+,,108,,,,,,,,PE3,caccGCAAGTGGATAGATGATGGGT,aaacACCCATCATCTATCCACTTGC,,,
203,10,ngRNA,AAGTGGATAGATGATGGGTA,0.40,GGG,+,,109,,,,,,,,PE3,caccGAAGTGGATAGATGATGGGTA,aaacTACCCATCATCTATCCACTTC,,,
204,10,ngRNA,AGTGGATAGATGATGGGTAG,0.45,GGG,+,,110,,,,,,,,PE3,caccGAGTGGATAGATGATGGGTAG,aaacCTACCCATCATCTATCCACTC,,,
205,11,pegRNA,TTAGTGACATAGCCCGACGG,0.55,AGG-to-agt,-,15,,AgtaaGAGacaCTCCGTCGGGCTAT,A,9,0.56,25.82447379830893,16,0.50,PAM_disrupted_silent_mutation,caccGTTAGTGACATAGCCCGACGGgtttt,ctctaaaacCCGTCGGGCTATGTCACTAAC,gtgcAgtaaGAGacaCTCCGTCGGGCTAT,aaaaATAGCCCGACGGAGtgtCTCttacT,
206,11,pegRNA,TTAGTGACATAGCCCGACGG,0.55,AGG-to-agt,-,15,,AgtaaGAGacaCTCCGTCGGGCTATG,A,10,0.60,31.159264019005434,16,0.50,PAM_disrupted_silent_mutation,caccGTTAGTGACATAGCCCGACGGgtttt,ctctaaaacCCGTCGGGCTATGTCACTAAC,gtgcAgtaaGAGacaCTCCGTCGGGCTATG,aaaaCATAGCCCGACGGAGtgtCTCttacT,
207,11,pegRNA,TTAGTGACATAGCCCGACGG,0.55,AGG-to-agt,-,15,,AgtaaGAGacaCTCCGTCGGGCTATGT,A,11,0.55,33.95565200243607,16,0.50,PAM_disrupted_silent_mutation,caccGTTAGTGACATAGCCCGACGGgtttt,ctctaaaacCCGTCGGGCTATGTCACTAAC,gtgcAgtaaGAGacaCTCCGTCGGGCTATGT,aaaaACATAGCCCGACGGAGtgtCTCttacT,
208,11,pegRNA,TTAGTGACATAGCCCGACGG,0.55,AGG-to-agt,-,15,,AgtaaGAGacaCTCCGTCGGGCTATGTC,A,12,0.58,37.54016538305342,16,0.50,PAM_disrupted_silent_mutation,caccGTTAGTGACATAGCCCGACGGgtttt,ctctaaaacCCGTCGGGCTATGTCACTAAC,gtgcAgtaaGAGacaCTCCGTCGGGCTATGTC,aaaaGACATAGCCCGACGGAGtgtCTCttacT,
209,11,pegRNA,TTAGTGACATAGCCCGACGG,0.55,AGG-to-agt,-,15,,GAgtaaGAGacaCTCCGTCGGGCTAT,G,9,0.56,25.82447379830893,17,0.53,PAM_disrupted_silent_mutation,caccGTTAGTGACATAGCCCGACGGgtttt,ctctaaaacCCGTCGGGCTATGTCACTAAC,gtgcGAgtaaGAGacaCTCCGTCGGGCTAT,aaaaATAGCCCGACGGAGtgtCTCttacTC,
210,11,pegRNA,TTAGTGACATAGCCCGACGG,0.55,AGG-to-agt,-,15,,GAgtaaGAGacaCTCCGTCGGGCTATG,G,10,0.60,31.159264019005434,17,0.53,PAM_disrupted_silent_mutation,caccGTTAGTGACATAGCCCGACGGgtttt,ctctaaaacCCGTCGGGCTATGTCACTAAC,gtgcGAgtaaGAGacaCTCCGTCGGGCTATG,aaaaCATAGCCCGACGGAGtgtCTCttacTC,
211,11,pegRNA,TTAGTGACATAGCCCGACGG,0.55,AGG-to-agt,-,15,,GAgtaaGAGacaCTCCGTCGGGCTATGT,G,11,0.55,33.95565200243607,17,0.53,PAM_disrupted_silent_mutation,caccGTTAGTGACATAGCCCGACGGgtttt,ctctaaaacCCGTCGGGCTATGTCACTAAC,gtgcGAgtaaGAGacaCTCCGTCGGGCTATGT,aaaaACATAGCCCGACGGAGtgtCTCttacTC,
212,11,pegRNA,TTAGTGACATAGCCCGACGG,0.55,AGG-to-agt,-,15,,GAgtaaGAGacaCTCCGTCGGGCTATGTC,G,12,0.58,37.54016538305342,17,0.53,PAM_disrupted_silent_mutation,caccGTTAGTGACATAGCCCGACGGgtttt,ctctaaaacCCGTCGGGCTATGTCACTAAC,gtgcGAgtaaGAGacaCTCCGTCGGGCTATGTC,aaaaGACATAGCCCGACGGAGtgtCTCttacTC,
213,11,pegRNA,TTAGTGACATAGCCCGACGG,0.55,AGG-to-agt,-,15,,GGAgtaaGAGacaCTCCGTCGGGCTAT,G,9,0.56,25.82447379830893,18,0.56,PAM_disrupted_silent_mutation,caccGTTAGTGACATAGCCCGACGGgtttt,ctctaaaacCCGTCGGGCTATGTCACTAAC,gtgcGGAgtaaGAGacaCTCCGTCGGGCTAT,aaaaATAGCCCGACGGAGtgtCTCttacTCC,
214,11,pegRNA,TTAGTGACATAGCCCGACGG,0.55,AGG-to-agt,-,15,,GGAgtaaGAGacaCTCCGTCGGGCTATG,G,10,0.60,31.159264019005434,18,0.56,PAM_disrupted_silent_mutation,caccGTTAGTGACATAGCCCGACGGgtttt,ctctaaaacCCGTCGGGCTATGTCACTAAC,gtgcGGAgtaaGAGacaCTCCGTCGGGCTATG,aaaaCATAGCCCGACGGAGtgtCTCttacTCC,
215,11,pegRNA,TTAGTGACATAGCCCGACGG,0.55,AGG-to-agt,-,15,,GGAgtaaGAGacaCTCCGTCGGGCTATGT,G,11,0.55,33.95565200243607,18,0.56,PAM_disrupted_silent_mutation,caccGTTAGTGACATAGCCCGACGGgtttt,ctctaaaacCCGTCGGGCTATGTCACTAAC,gtgcGGAgtaaGAGacaCTCCGTCGGGCTATGT,aaaaACATAGCCCGACGGAGtgtCTCttacTCC,
216,11,pegRNA,TTAGTGACATAGCCCGACGG,0.55,AGG-to-agt,-,15,,GGAgtaaGAGacaCTCCGTCGGGCTATGTC,G,12,0.58,37.54016538305342,18,0.56,PAM_disrupted_silent_mutation,caccGTTAGTGACATAGCCCGACGGgtttt,ctctaaaacCCGTCGGGCTATGTCACTAAC,gtgcGGAgtaaGAGacaCTCCGTCGGGCTATGTC,aaaaGACATAGCCCGACGGAGtgtCTCttacTCC,
217,11,pegRNA,TTAGTGACATAGCCCGACGG,0.55,AGG-to-agt,-,15,,GGGAgtaaGAGacaCTCCGTCGGGCTAT,G,9,0.56,25.82447379830893,19,0.58,PAM_disrupted_silent_mutation,caccGTTAGTGACATAGCCCGACGGgtttt,ctctaaaacCCGTCGGGCTATGTCACTAAC,gtgcGGGAgtaaGAGacaCTCCGTCGGGCTAT,aaaaATAGCCCGACGGAGtgtCTCttacTCCC,
218,11,pegRNA,TTAGTGACATAGCCCGACGG,0.55,AGG-to-agt,-,15,,GGGAgtaaGAGacaCTCCGTCGGGCTATG,G,10,0.60,31.159264019005434,19,0.58,PAM_disrupted_silent_mutation,caccGTTAGTGACATAGCCCGACGGgtttt,ctctaaaacCCGTCGGGCTATGTCACTAAC,gtgcGGGAgtaaGAGacaCTCCGTCGGGCTATG,aaaaCATAGCCCGACGGAGtgtCTCttacTCCC,
219,11,pegRNA,TTAGTGACATAGCCCGACGG,0.55,AGG-to-agt,-,15,,GGGAgtaaGAGacaCTCCGTCGGGCTATGT,G,11,0.55,33.95565200243607,19,0.58,PAM_disrupted_silent_mutation,caccGTTAGTGACATAGCCCGACGGgtttt,ctctaaaacCCGTCGGGCTATGTCACTAAC,gtgcGGGAgtaaGAGacaCTCCGTCGGGCTATGT,aaaaACATAGCCCGACGGAGtgtCTCttacTCCC,
220,11,pegRNA,TTAGTGACATAGCCCGACGG,0.55,AGG-to-agt,-,15,,GGGAgtaaGAGacaCTCCGTCGGGCTATGTC,G,12,0.58,37.54016538305342,19,0.58,PAM_disrupted_silent_mutation,caccGTTAGTGACATAGCCCGACGGgtttt,ctctaaaacCCGTCGGGCTATGTCACTAAC,gtgcGGGAgtaaGAGacaCTCCGTCGGGCTATGTC,aaaaGACATAGCCCGACGGAGtgtCTCttacTCCC,
221,11,pegRNA,TTAGTGACATAGCCCGACGG,0.55,AGG-to-agt,-,15,,CGGGAgtaaGAGacaCTCCGTCGGGCTAT,C,9,0.56,25.82447379830893,20,0.60,PAM_disrupted_silent_mutation,caccGTTAGTGACATAGCCCGACGGgtttt,ctctaaaacCCGTCGGGCTATGTCACTAAC,gtgcCGGGAgtaaGAGacaCTCCGTCGGGCTAT,aaaaATAGCCCGACGGAGtgtCTCttacTCCCG,
222,11,pegRNA,TTAGTGACATAGCCCGACGG,0.55,AGG-to-agt,-,15,,CGGGAgtaaGAGacaCTCCGTCGGGCTATG,C,10,0.60,31.159264019005434,20,0.60,PAM_disrupted_silent_mutation,caccGTTAGTGACATAGCCCGACGGgtttt,ctctaaaacCCGTCGGGCTATGTCACTAAC,gtgcCGGGAgtaaGAGacaCTCCGTCGGGCTATG,aaaaCATAGCCCGACGGAGtgtCTCttacTCCCG,
223,11,pegRNA,TTAGTGACATAGCCCGACGG,0.55,AGG-to-agt,-,15,,CGGGAgtaaGAGacaCTCCGTCGGGCTATGT,C,11,0.55,33.95565200243607,20,0.60,PAM_disrupted_silent_mutation,caccGTTAGTGACATAGCCCGACGGgtttt,ctctaaaacCCGTCGGGCTATGTCACTAAC,gtgcCGGGAgtaaGAGacaCTCCGTCGGGCTATGT,aaaaACATAGCCCGACGGAGtgtCTCttacTCCCG,
224,11,pegRNA,TTAGTGACATAGCCCGACGG,0.55,AGG-to-agt,-,15,,CGGGAgtaaGAGacaCTCCGTCGGGCTATGTC,C,12,0.58,37.54016538305342,20,0.60,PAM_disrupted_silent_mutation,caccGTTAGTGACATAGCCCGACGGgtttt,ctctaaaacCCGTCGGGCTATGTCACTAAC,gtgcCGGGAgtaaGAGacaCTCCGTCGGGCTATGTC,aaaaGACATAGCCCGACGGAGtgtCTCttacTCCCG,
225,11,pegRNA,TTAGTGACATAGCCCGACGG,0.55,AGG-to-agt,-,15,,GCGGGAgtaaGAGacaCTCCGTCGGGCTAT,G,9,0.56,25.82447379830893,21,0.62,PAM_disrupted_silent_mutation,caccGTTAGTGACATAGCCCGACGGgtttt,ctctaaaacCCGTCGGGCTATGTCACTAAC,gtgcGCGGGAgtaaGAGacaCTCCGTCGGGCTAT,aaaaATAGCCCGACGGAGtgtCTCttacTCCCGC,
226,11,pegRNA,TTAGTGACATAGCCCGACGG,0.55,AGG-to-agt,-,15,,GCGGGAgtaaGAGacaCTCCGTCGGGCTATG,G,10,0.60,31.159264019005434,21,0.62,PAM_disrupted_silent_mutation,caccGTTAGTGACATAGCCCGACGGgtttt,ctctaaaacCCGTCGGGCTATGTCACTAAC,gtgcGCGGGAgtaaGAGacaCTCCGTCGGGCTATG,aaaaCATAGCCCGACGGAGtgtCTCttacTCCCGC,
227,11,pegRNA,TTAGTGACATAGCCCGACGG,0.55,AGG-to-agt,-,15,,GCGGGAgtaaGAGacaCTCCGTCGGGCTATGT,G,11,0.55,33.95565200243607,21,0.62,PAM_disrupted_silent_mutation,caccGTTAGTGACATAGCCCGACGGgtttt,ctctaaaacCCGTCGGGCTATGTCACTAAC,gtgcGCGGGAgtaaGAGacaCTCCGTCGGGCTATGT,aaaaACATAGCCCGACGGAGtgtCTCttacTCCCGC,
228,11,pegRNA,TTAGTGACATAGCCCGACGG,0.55,AGG-to-agt,-,15,,GCGGGAgtaaGAGacaCTCCGTCGGGCTATGTC,G,12,0.58,37.54016538305342,21,0.62,PAM_disrupted_silent_mutation,caccGTTAGTGACATAGCCCGACGGgtttt,ctctaaaacCCGTCGGGCTATGTCACTAAC,gtgcGCGGGAgtaaGAGacaCTCCGTCGGGCTATGTC,aaaaGACATAGCCCGACGGAGtgtCTCttacTCCCGC,
229,11,pegRNA,TTAGTGACATAGCCCGACGG,0.55,AGG-to-agt,-,15,,GGCGGGAgtaaGAGacaCTCCGTCGGGCTAT,G,9,0.56,25.82447379830893,22,0.64,PAM_disrupted_silent_mutation,caccGTTAGTGACATAGCCCGACGGgtttt,ctctaaaacCCGTCGGGCTATGTCACTAAC,gtgcGGCGGGAgtaaGAGacaCTCCGTCGGGCTAT,aaaaATAGCCCGACGGAGtgtCTCttacTCCCGCC,
230,11,pegRNA,TTAGTGACATAGCCCGACGG,0.55,AGG-to-agt,-,15,,GGCGGGAgtaaGAGacaCTCCGTCGGGCTATG,G,10,0.60,31.159264019005434,22,0.64,PAM_disrupted_silent_mutation,caccGTTAGTGACATAGCCCGACGGgtttt,ctctaaaacCCGTCGGGCTATGTCACTAAC,gtgcGGCGGGAgtaaGAGacaCTCCGTCGGGCTATG,aaaaCATAGCCCGACGGAGtgtCTCttacTCCCGCC,
231,11,pegRNA,TTAGTGACATAGCCCGACGG,0.55,AGG-to-agt,-,15,,GGCGGGAgtaaGAGacaCTCCGTCGGGCTATGT,G,11,0.55,33.95565200243607,22,0.64,PAM_disrupted_silent_mutation,caccGTTAGTGACATAGCCCGACGGgtttt,ctctaaaacCCGTCGGGCTATGTCACTAAC,gtgcGGCGGGAgtaaGAGacaCTCCGTCGGGCTATGT,aaaaACATAGCCCGACGGAGtgtCTCttacTCCCGCC,
232,11,pegRNA,TTAGTGACATAGCCCGACGG,0.55,AGG-to-agt,-,15,,GGCGGGAgtaaGAGacaCTCCGTCGGGCTATGTC,G,12,0.58,37.54016538305342,22,0.64,PAM_disrupted_silent_mutation,caccGTTAGTGACATAGCCCGACGGgtttt,ctctaaaacCCGTCGGGCTATGTCACTAAC,gtgcGGCGGGAgtaaGAGacaCTCCGTCGGGCTATGTC,aaaaGACATAGCCCGACGGAGtgtCTCttacTCCCGCC,
233,11,ngRNA,CAAATTCAGCTCTGTTATCC,0.40,CGG,+,,-79,,,,,,,,PE3,caccGCAAATTCAGCTCTGTTATCC,aaacGGATAACAGAGCTGAATTTGC,,,
234,11,ngRNA,AAATTCAGCTCTGTTATCCC,0.40,GGG,+,,-78,,,,,,,,PE3,caccGAAATTCAGCTCTGTTATCCC,aaacGGGATAACAGAGCTGAATTTC,,,
235,11,ngRNA,CCCGGGCGTTATGTGTCAAA,0.55,TGG,+,,-61,,,,,,,,PE3,caccGCCCGGGCGTTATGTGTCAAA,aaacTTTGACACATAACGCCCGGGC,,,
236,11,ngRNA,ATGTGTCAAATGGCGTAGAA,0.40,CGG,+,,-51,,,,,,,,PE3,caccGATGTGTCAAATGGCGTAGAA,aaacTTCTACGCCATTTGACACATC,,,
237,11,ngRNA,TGTGTCAAATGGCGTAGAAC,0.45,GGG,+,,-50,,,,,,,,PE3,caccGTGTGTCAAATGGCGTAGAAC,aaacGTTCTACGCCATTTGACACAC,,,
238,11,ngRNA,GAACGGGATTGACTGTTTGA,0.45,CGG,+,,-34,,,,,,,,PE3,caccGAACGGGATTGACTGTTTGA,aaacTCAAACAGTCAATCCCGTTC,,,
239,11,ngRNA,CTGTTTGACGGTAGCTGCTG,0.55,AGG,+,,-22,,,,,,,,PE3,caccGCTGTTTGACGGTAGCTGCTG,aaacCAGCAGCTACCGTCAAACAGC,,,
240,11,ngRNA,TTTGACGGTAGCTGCTGAGG,0.55,CGG,+,,-19,,,,,,,,PE3,caccGTTTGACGGTAGCTGCTGAGG,aaacCCTCAGCAGCTACCGTCAAAC,,,
241,11,ngRNA,TTGACGGTAGCTGCTGAGGC,0.60,GGG,+,,-18,,,,,,,,PE3,caccGTTGACGGTAGCTGCTGAGGC,aaacGCCTCAGCAGCTACCGTCAAC,,,
242,11,ngRNA,GGGAgtaaGAGacaCTCCGT,0.55,CGG,+,,-2,,,,,,,,PE3b-seed,caccGGGAgtaaGAGacaCTCCGT,aaacACGGAGtgtCTCttacTCCC,,,
243,11,ngRNA,GGAgtaaGAGacaCTCCGTC,0.55,GGG,+,,-1,,,,,,,,PE3b-seed,caccGGAgtaaGAGacaCTCCGTC,aaacGACGGAGtgtCTCttacTCC,,,
244,11,ngRNA,GATGCTGAACAAGTCGATGC,0.50,AGG,+,,56,,,,,,,,PE3,caccGATGCTGAACAAGTCGATGC,aaacGCATCGACTTGTTCAGCATC,,,
245,11,ngRNA,GCAGGCTCCCGTCTTTGAAA,0.55,AGG,+,,74,,,,,,,,PE3,caccGCAGGCTCCCGTCTTTGAAA,aaacTTTCAAAGACGGGAGCCTGC,,,
246,11,ngRNA,CAGGCTCCCGTCTTTGAAAA,0.50,GGG,+,,75,,,,,,,,PE3,caccGCAGGCTCCCGTCTTTGAAAA,aaacTTTTCAAAGACGGGAGCCTGC,,,
247,11,ngRNA,AGGCTCCCGTCTTTGAAAAG,0.50,GGG,+,,76,,,,,,,,PE3,caccGAGGCTCCCGTCTTTGAAAAG,aaacCTTTTCAAAGACGGGAGCCTC,,,
248,11,ngRNA,AAAAGGGGTAAACATACAAG,0.35,TGG,+,,91,,,,,,,,PE3,caccGAAAAGGGGTAAACATACAAG,aaacCTTGTATGTTTACCCCTTTTC,,,
249,11,ngRNA,ACATACAAGTGGATAGATGA,0.35,TGG,+,,102,,,,,,,,PE3,caccGACATACAAGTGGATAGATGA,aaacTCATCTATCCACTTGTATGTC,,,
250,11,ngRNA,CATACAAGTGGATAGATGAT,0.35,GGG,+,,103,,,,,,,,PE3,caccGCATACAAGTGGATAGATGAT,aaacATCATCTATCCACTTGTATGC,,,
251,11,ngRNA,CAAGTGGATAGATGATGGGT,0.45,AGG,+,,107,,,,,,,,PE3,caccGCAAGTGGATAGATGATGGGT,aaacACCCATCATCTATCCACTTGC,,,
252,11,ngRNA,AAGTGGATAGATGATGGGTA,0.40,GGG,+,,108,,,,,,,,PE3,caccGAAGTGGATAGATGATGGGTA,aaacTACCCATCATCTATCCACTTC,,,
253,11,ngRNA,AGTGGATAGATGATGGGTAG,0.45,GGG,+,,109,,,,,,,,PE3,caccGAGTGGATAGATGATGGGTAG,aaacCTACCCATCATCTATCCACTC,,,
254,12,pegRNA,GTATTAGTGACATAGCCCGA,0.45,CGG-to-cgc,-,18,,AgtaaGAGACCctgCGTCGGGCTATGTC,A,9,0.56,16.439173803454537,19,0.58,PAM_disrupted_silent_mutation,caccGTATTAGTGACATAGCCCGAgtttt,ctctaaaacTCGGGCTATGTCACTAATAC,gtgcAgtaaGAGACCctgCGTCGGGCTATGTC,aaaaGACATAGCCCGACGcagGGTCTCttacT,
255,12,pegRNA,GTATTAGTGACATAGCCCGA,0.45,CGG-to-cgc,-,18,,AgtaaGAGACCctgCGTCGGGCTATGTCA,A,10,0.50,20.67842656691704,19,0.58,PAM_disrupted_silent_mutation,caccGTATTAGTGACATAGCCCGAgtttt,ctctaaaacTCGGGCTATGTCACTAATAC,gtgcAgtaaGAGACCctgCGTCGGGCTATGTCA,aaaaTGACATAGCCCGACGcagGGTCTCttacT,
256,12,pegRNA,GTATTAGTGACATAGCCCGA,0.45,CGG-to-cgc,-,18,,AgtaaGAGACCctgCGTCGGGCTATGTCAC,A,11,0.55,27.731289743417108,19,0.58,PAM_disrupted_silent_mutation,caccGTATTAGTGACATAGCCCGAgtttt,ctctaaaacTCGGGCTATGTCACTAATAC,gtgcAgtaaGAGACCctgCGTCGGGCTATGTCAC,aaaaGTGACATAGCCCGACGcagGGTCTCttacT,
257,12,pegRNA,GTATTAGTGACATAGCCCGA,0.45,CGG-to-cgc,-,18,,AgtaaGAGACCctgCGTCGGGCTATGTCACT,A,12,0.50,30.20946629971388,19,0.58,PAM_disrupted_silent_mutation,caccGTATTAGTGACATAGCCCGAgtttt,ctctaaaacTCGGGCTATGTCACTAATAC,gtgcAgtaaGAGACCctgCGTCGGGCTATGTCACT,aaaaAGTGACATAGCCCGACGcagGGTCTCttacT,
258,12,pegRNA,GTATTAGTGACATAGCCCGA,0.45,CGG-to-cgc,-,18,,GAgtaaGAGACCctgCGTCGGGCTATGTC,G,9,0.56,16.439173803454537,20,0.60,PAM_disrupted_silent_mutation,caccGTATTAGTGACATAGCCCGAgtttt,ctctaaaacTCGGGCTATGTCACTAATAC,gtgcGAgtaaGAGACCctgCGTCGGGCTATGTC,aaaaGACATAGCCCGACGcagGGTCTCttacTC,
259,12,pegRNA,GTATTAGTGACATAGCCCGA,0.45,CGG-to-cgc,-,18,,GAgtaaGAGACCctgCGTCGGGCTATGTCA,G,10,0.50,20.67842656691704,20,0.60,PAM_disrupted_silent_mutation,caccGTATTAGTGACATAGCCCGAgtttt,ctctaaaacTCGGGCTATGTCACTAATAC,gtgcGAgtaaGAGACCctgCGTCGGGCTATGTCA,aaaaTGACATAGCCCGACGcagGGTCTCttacTC,
260,12,pegRNA,GTATTAGTGACATAGCCCGA,0.45,CGG-to-cgc,-,18,,GAgtaaGAGACCctgCGTCGGGCTATGTCAC,G,11,0.55,27.731289743417108,20,0.60,PAM_disrupted_silent_mutation,caccGTATTAGTGACATAGCCCGAgtttt,ctctaaaacTCGGGCTATGTCACTAATAC,gtgcGAgtaaGAGACCctgCGTCGGGCTATGTCAC,aaaaGTGACATAGCCCGACGcagGGTCTCttacTC,
261,12,pegRNA,GTATTAGTGACATAGCCCGA,0.45,CGG-to-cgc,-,18,,GAgtaaGAGACCctgCGTCGGGCTATGTCACT,G,12,0.50,30.20946629971388,20,0.60,PAM_disrupted_silent_mutation,caccGTATTAGTGACATAGCCCGAgtttt,ctctaaaacTCGGGCTATGTCACTAATAC,gtgcGAgtaaGAGACCctgCGTCGGGCTATGTCACT,aaaaAGTGACATAGCCCGACGcagGGTCTCttacTC,
262,12,pegRNA,GTATTAGTGACATAGCCCGA,0.45,CGG-to-cgc,-,18,,GGAgtaaGAGACCctgCGTCGGGCTATGTC,G,9,0.56,16.439173803454537,21,0.62,PAM_disrupted_silent_mutation,caccGTATTAGTGACATAGCCCGAgtttt,ctctaaaacTCGGGCTATGTCACTAATAC,gtgcGGAgtaaGAGACCctgCGTCGGGCTATGTC,aaaaGACATAGCCCGACGcagGGTCTCttacTCC,
263,12,pegRNA,GTATTAGTGACATAGCCCGA,0.45,CGG-to-cgc,-,18,,GGAgtaaGAGACCctgCGTCGGGCTATGTCA,G,10,0.50,20.67842656691704,21,0.62,PAM_disrupted_silent_mutation,caccGTATTAGTGACATAGCCCGAgtttt,ctctaaaacTCGGGCTATGTCACTAATAC,gtgcGGAgtaaGAGACCctgCGTCGGGCTATGTCA,aaaaTGACATAGCCCGACGcagGGTCTCttacTCC,
264,12,pegRNA,GTATTAGTGACATAGCCCGA,0.45,CGG-to-cgc,-,18,,GGAgtaaGAGACCctgCGTCGGGCTATGTCAC,G,11,0.55,27.731289743417108,21,0.62,PAM_disrupted_silent_mutation,caccGTATTAGTGACATAGCCCGAgtttt,ctctaaaacTCGGGCTATGTCACTAATAC,gtgcGGAgtaaGAGACCctgCGTCGGGCTATGTCAC,aaaaGTGACATAGCCCGACGcagGGTCTCttacTCC,
265,12,pegRNA,GTATTAGTGACATAGCCCGA,0.45,CGG-to-cgc,-,18,,GGAgtaaGAGACCctgCGTCGGGCTATGTCACT,G,12,0.50,30.20946629971388,21,0.62,PAM_disrupted_silent_mutation,caccGTATTAGTGACATAGCCCGAgtttt,ctctaaaacTCGGGCTATGTCACTAATAC,gtgcGGAgtaaGAGACCctgCGTCGGGCTATGTCACT,aaaaAGTGACATAGCCCGACGcagGGTCTCttacTCC,
266,12,pegRNA,GTATTAGTGACATAGCCCGA,0.45,CGG-to-cgc,-,18,,GGGAgtaaGAGACCctgCGTCGGGCTATGTC,G,9,0.56,16.439173803454537,22,0.64,PAM_disrupted_silent_mutation,caccGTATTAGTGACATAGCCCGAgtttt,ctctaaaacTCGGGCTATGTCACTAATAC,gtgcGGGAgtaaGAGACCctgCGTCGGGCTATGTC,aaaaGACATAGCCCGACGcagGGTCTCttacTCCC,
267,12,pegRNA,GTATTAGTGACATAGCCCGA,0.45,CGG-to-cgc,-,18,,GGGAgtaaGAGACCctgCGTCGGGCTATGTCA,G,10,0.50,20.67842656691704,22,0.64,PAM_disrupted_silent_mutation,caccGTATTAGTGACATAGCCCGAgtttt,ctctaaaacTCGGGCTATGTCACTAATAC,gtgcGGGAgtaaGAGACCctgCGTCGGGCTATGTCA,aaaaTGACATAGCCCGACGcagGGTCTCttacTCCC,
268,12,pegRNA,GTATTAGTGACATAGCCCGA,0.45,CGG-to-cgc,-,18,,GGGAgtaaGAGACCctgCGTCGGGCTATGTCAC,G,11,0.55,27.731289743417108,22,0.64,PAM_disrupted_silent_mutation,caccGTATTAGTGACATAGCCCGAgtttt,ctctaaaacTCGGGCTATGTCACTAATAC,gtgcGGGAgtaaGAGACCctgCGTCGGGCTATGTCAC,aaaaGTGACATAGCCCGACGcagGGTCTCttacTCCC,
269,12,pegRNA,GTATTAGTGACATAGCCCGA,0.45,CGG-to-cgc,-,18,,GGGAgtaaGAGACCctgCGTCGGGCTATGTCACT,G,12,0.50,30.20946629971388,22,0.64,PAM_disrupted_silent_mutation,caccGTATTAGTGACATAGCCCGAgtttt,ctctaaaacTCGGGCTATGTCACTAATAC,gtgcGGGAgtaaGAGACCctgCGTCGGGCTATGTCACT,aaaaAGTGACATAGCCCGACGcagGGTCTCttacTCCC,
270,12,ngRNA,CAAATTCAGCTCTGTTATCC,0.40,CGG,+,,-82,,,,,,,,PE3,caccGCAAATTCAGCTCTGTTATCC,aaacGGATAACAGAGCTGAATTTGC,,,
271,12,ngRNA,AAATTCAGCTCTGTTATCCC,0.40,GGG,+,,-81,,,,,,,,PE3,caccGAAATTCAGCTCTGTTATCCC,aaacGGGATAACAGAGCTGAATTTC,,,
272,12,ngRNA,CCCGGGCGTTATGTGTCAAA,0.55,TGG,+,,-64,,,,,,,,PE3,caccGCCCGGGCGTTATGTGTCAAA,aaacTTTGACACATAACGCCCGGGC,,,
273,12,ngRNA,ATGTGTCAAATGGCGTAGAA,0.40,CGG,+,,-54,,,,,,,,PE3,caccGATGTGTCAAATGGCGTAGAA,aaacTTCTACGCCATTTGACACATC,,,
274,12,ngRNA,TGTGTCAAATGGCGTAGAAC,0.45,GGG,+,,-53,,,,,,,,PE3,caccGTGTGTCAAATGGCGTAGAAC,aaacGTTCTACGCCATTTGACACAC,,,
275,12,ngRNA,GAACGGGATTGACTGTTTGA,0.45,CGG,+,,-37,,,,,,,,PE3,caccGAACGGGATTGACTGTTTGA,aaacTCAAACAGTCAATCCCGTTC,,,
276,12,ngRNA,CTGTTTGACGGTAGCTGCTG,0.55,AGG,+,,-25,,,,,,,,PE3,caccGCTGTTTGACGGTAGCTGCTG,aaacCAGCAGCTACCGTCAAACAGC,,,
277,12,ngRNA,TTTGACGGTAGCTGCTGAGG,0.55,CGG,+,,-22,,,,,,,,PE3,caccGTTTGACGGTAGCTGCTGAGG,aaacCCTCAGCAGCTACCGTCAAAC,,,
278,12,ngRNA,TTGACGGTAGCTGCTGAGGC,0.60,GGG,+,,-21,,,,,,,,PE3,caccGTTGACGGTAGCTGCTGAGGC,aaacGCCTCAGCAGCTACCGTCAAC,,,
279,12,ngRNA,GGGAgtaaGAGACCctgCGT,0.60,CGG,+,,-5,,,,,,,,PE3b-seed,caccGGGAgtaaGAGACCctgCGT,aaacACGcagGGTCTCttacTCCC,,,
280,12,ngRNA,GGAgtaaGAGACCctgCGTC,0.60,GGG,+,,-4,,,,,,,,PE3b-seed,caccGGAgtaaGAGACCctgCGTC,aaacGACGcagGGTCTCttacTCC,,,
281,12,ngRNA,GATGCTGAACAAGTCGATGC,0.50,AGG,+,,53,,,,,,,,PE3,caccGATGCTGAACAAGTCGATGC,aaacGCATCGACTTGTTCAGCATC,,,
282,12,ngRNA,GCAGGCTCCCGTCTTTGAAA,0.55,AGG,+,,71,,,,,,,,PE3,caccGCAGGCTCCCGTCTTTGAAA,aaacTTTCAAAGACGGGAGCCTGC,,,
283,12,ngRNA,CAGGCTCCCGTCTTTGAAAA,0.50,GGG,+,,72,,,,,,,,PE3,caccGCAGGCTCCCGTCTTTGAAAA,aaacTTTTCAAAGACGGGAGCCTGC,,,
284,12,ngRNA,AGGCTCCCGTCTTTGAAAAG,0.50,GGG,+,,73,,,,,,,,PE3,caccGAGGCTCCCGTCTTTGAAAAG,aaacCTTTTCAAAGACGGGAGCCTC,,,
285,12,ngRNA,AAAAGGGGTAAACATACAAG,0.35,TGG,+,,88,,,,,,,,PE3,caccGAAAAGGGGTAAACATACAAG,aaacCTTGTATGTTTACCCCTTTTC,,,
286,12,ngRNA,ACATACAAGTGGATAGATGA,0.35,TGG,+,,99,,,,,,,,PE3,caccGACATACAAGTGGATAGATGA,aaacTCATCTATCCACTTGTATGTC,,,
287,12,ngRNA,CATACAAGTGGATAGATGAT,0.35,GGG,+,,100,,,,,,,,PE3,caccGCATACAAGTGGATAGATGAT,aaacATCATCTATCCACTTGTATGC,,,
288,12,ngRNA,CAAGTGGATAGATGATGGGT,0.45,AGG,+,,104,,,,,,,,PE3,caccGCAAGTGGATAGATGATGGGT,aaacACCCATCATCTATCCACTTGC,,,
289,12,ngRNA,AAGTGGATAGATGATGGGTA,0.40,GGG,+,,105,,,,,,,,PE3,caccGAAGTGGATAGATGATGGGTA,aaacTACCCATCATCTATCCACTTC,,,
290,12,ngRNA,AGTGGATAGATGATGGGTAG,0.45,GGG,+,,106,,,,,,,,PE3,caccGAGTGGATAGATGATGGGTAG,aaacCTACCCATCATCTATCCACTC,,,
